Timestamp,Server 1,Server 2,Server 3,Server 4
2024-11-26 15:25:19,18.00%,37.25%,37.50%,29.25%
2024-11-26 15:25:21,31.00%,36.75%,29.00%,28.74%
2024-11-26 15:25:23,32.25%,29.25%,30.50%,22.25%
2024-11-26 15:25:25,24.25%,29.25%,37.25%,22.25%
2024-11-26 15:25:27,24.00%,30.00%,34.25%,37.50%
2024-11-26 15:25:29,40.25%,26.25%,31.25%,28.50%
2024-11-26 15:25:31,32.00%,26.25%,33.25%,30.00%
2024-11-26 15:25:33,28.50%,29.25%,34.25%,36.00%
2024-11-26 15:25:35,29.00%,31.00%,33.25%,29.25%
2024-11-26 15:25:37,27.25%,24.25%,24.50%,33.50%
2024-11-26 15:25:39,35.25%,30.25%,25.25%,24.25%
2024-11-26 15:25:41,34.25%,39.25%,33.25%,20.75%
2024-11-26 15:25:43,36.25%,27.25%,28.25%,25.00%
2024-11-26 15:25:45,34.50%,30.25%,21.25%,23.25%
2024-11-26 15:25:47,31.25%,27.00%,32.25%,34.00%
2024-11-26 15:25:49,21.25%,37.25%,39.25%,26.00%
2024-11-26 15:25:51,29.00%,27.25%,38.25%,27.25%
2024-11-26 15:25:53,17.50%,21.25%,46.50%,23.25%
2024-11-26 15:25:55,29.25%,25.25%,29.50%,36.00%
2024-11-26 15:25:57,20.25%,35.25%,25.25%,38.50%
2024-11-26 15:25:59,19.25%,41.50%,34.25%,35.50%
2024-11-26 15:26:01,31.00%,26.25%,39.25%,20.00%
2024-11-26 15:26:03,37.50%,36.25%,34.00%,29.00%
2024-11-26 15:26:05,38.00%,39.50%,29.50%,33.00%
2024-11-26 15:26:07,24.25%,42.50%,31.25%,33.00%
2024-11-26 15:26:09,N/A,37.00%,31.50%,26.25%
2024-11-26 15:26:11,N/A,29.00%,21.25%,40.50%
2024-11-26 15:26:13,N/A,28.25%,30.25%,23.00%
2024-11-26 15:26:15,30.00%,39.25%,29.00%,23.00%
2024-11-26 15:26:17,25.25%,29.25%,34.50%,38.25%
2024-11-26 15:26:19,29.75%,34.25%,31.25%,29.25%
2024-11-26 15:26:21,30.50%,34.25%,37.25%,32.50%
2024-11-26 15:26:23,33.25%,31.25%,28.00%,32.50%
2024-11-26 15:26:25,32.00%,32.25%,29.00%,37.25%
2024-11-26 15:26:27,31.00%,36.00%,31.25%,46.25%
2024-11-26 15:26:29,28.25%,26.25%,34.25%,35.00%
2024-11-26 15:26:31,32.00%,31.00%,25.25%,31.50%
2024-11-26 15:26:33,27.00%,27.25%,25.50%,31.25%
2024-11-26 15:26:35,35.25%,28.00%,34.50%,30.00%
2024-11-26 15:26:37,32.25%,32.25%,28.00%,34.25%
2024-11-26 15:26:39,33.25%,24.00%,33.00%,27.00%
2024-11-26 15:26:41,20.00%,33.25%,43.25%,32.75%
2024-11-26 15:26:43,26.00%,31.00%,23.25%,35.00%
2024-11-26 15:26:45,29.25%,N/A,30.25%,31.00%
2024-11-26 15:26:47,32.25%,N/A,38.50%,30.50%
2024-11-26 15:26:49,34.50%,N/A,23.25%,29.00%
2024-11-26 15:26:51,33.50%,37.25%,32.25%,35.25%
2024-11-26 15:26:53,36.00%,39.00%,35.00%,28.25%
2024-11-26 15:26:55,37.00%,36.00%,35.00%,37.00%
2024-11-26 15:26:57,31.50%,25.25%,38.25%,28.25%
2024-11-26 15:26:59,28.75%,29.00%,20.00%,34.25%
2024-11-26 15:27:01,29.25%,24.50%,27.50%,32.00%
2024-11-26 15:27:03,27.00%,29.00%,42.25%,19.50%
2024-11-26 15:27:05,23.25%,23.50%,35.50%,37.25%
2024-11-26 15:27:07,40.00%,32.50%,22.50%,28.25%
2024-11-26 15:27:09,19.50%,29.25%,40.00%,34.25%
2024-11-26 15:27:12,36.50%,29.00%,N/A,25.00%
2024-11-26 15:27:14,37.00%,26.50%,N/A,29.25%
2024-11-26 15:27:16,29.25%,17.25%,N/A,25.00%
2024-11-26 15:27:18,40.25%,31.25%,N/A,27.25%
2024-11-26 15:27:20,26.00%,29.25%,N/A,34.74%
2024-11-26 15:27:22,37.00%,38.25%,N/A,32.25%
2024-11-26 15:27:24,24.25%,33.25%,N/A,27.00%
2024-11-26 15:27:26,21.25%,31.00%,N/A,28.00%
2024-11-26 15:27:28,37.00%,36.25%,30.25%,20.25%
2024-11-26 15:27:30,21.25%,24.25%,31.25%,27.25%
2024-11-26 15:27:32,27.00%,23.50%,46.25%,29.50%
2024-11-26 15:27:34,17.25%,25.00%,30.25%,25.00%
2024-11-26 15:27:36,25.00%,25.25%,34.50%,29.00%
2024-11-26 15:27:38,43.50%,27.25%,28.50%,25.25%
2024-11-26 15:27:40,23.25%,30.00%,31.50%,29.25%
2024-11-26 15:27:42,37.00%,32.00%,31.00%,25.25%
2024-11-26 15:27:44,28.25%,33.25%,35.00%,29.25%
2024-11-26 15:27:46,24.00%,28.25%,30.25%,31.00%
2024-11-26 15:27:48,37.25%,33.25%,27.00%,23.50%
2024-11-26 15:27:50,34.00%,39.25%,31.25%,23.50%
2024-11-26 15:27:52,23.25%,28.50%,34.00%,25.50%
2024-11-26 15:27:54,30.25%,24.00%,32.00%,29.25%
2024-11-26 15:27:56,31.25%,30.25%,24.25%,25.00%
2024-11-26 15:27:58,28.25%,26.25%,20.25%,26.00%
2024-11-26 15:28:00,30.25%,23.25%,32.00%,16.25%
2024-11-26 15:28:02,31.25%,39.25%,31.25%,30.25%
2024-11-26 15:28:04,37.25%,50.50%,33.25%,38.25%
2024-11-26 15:28:06,35.00%,35.25%,29.25%,30.50%
2024-11-26 15:28:08,23.25%,31.00%,29.50%,23.50%
2024-11-26 15:28:10,24.25%,28.25%,35.25%,47.25%
2024-11-26 15:28:12,35.25%,37.00%,26.00%,19.25%
2024-11-26 15:28:14,35.50%,29.25%,22.25%,27.25%
2024-11-26 15:28:16,25.25%,35.25%,29.25%,23.50%
2024-11-26 15:28:18,40.25%,33.25%,21.00%,22.50%
2024-11-26 15:28:20,36.00%,34.50%,37.00%,24.00%
2024-11-26 15:28:22,27.25%,36.50%,34.25%,23.00%
2024-11-26 15:28:24,29.25%,23.00%,38.25%,26.00%
2024-11-26 15:28:26,26.00%,26.25%,44.00%,38.25%
2024-11-26 15:28:28,21.00%,20.25%,42.50%,28.00%
2024-11-26 15:28:30,26.25%,26.25%,34.00%,21.50%
2024-11-26 15:28:32,33.25%,37.25%,25.25%,41.00%
2024-11-26 15:28:34,33.25%,26.25%,39.00%,32.00%
2024-11-26 15:28:36,24.25%,33.25%,31.25%,32.25%
2024-11-26 15:28:38,17.00%,30.25%,32.25%,22.25%
2024-11-26 15:28:40,36.00%,33.00%,31.25%,29.50%
2024-11-26 15:28:42,38.50%,32.25%,31.00%,29.50%
2024-11-26 15:28:44,30.00%,21.00%,27.25%,25.00%
2024-11-26 15:28:46,38.25%,36.00%,29.25%,32.25%
2024-11-26 15:28:48,33.75%,28.50%,25.25%,24.25%
2024-11-26 15:28:50,28.25%,28.25%,21.00%,31.50%
2024-11-26 15:28:52,29.00%,24.25%,35.50%,20.25%
2024-11-26 15:28:54,34.25%,28.25%,23.00%,35.25%
2024-11-26 15:28:56,35.75%,37.50%,30.25%,29.25%
2024-11-26 15:28:58,25.00%,34.25%,33.25%,28.25%
2024-11-26 15:29:00,36.50%,28.74%,34.25%,23.00%
2024-11-26 15:29:02,32.25%,33.25%,31.25%,32.00%
2024-11-26 15:29:04,29.00%,22.25%,39.50%,34.25%
2024-11-26 15:29:06,31.00%,30.25%,24.50%,37.25%
2024-11-26 15:29:08,30.25%,29.25%,33.25%,20.25%
2024-11-26 15:29:10,30.00%,25.00%,17.25%,36.25%
2024-11-26 15:29:12,23.00%,27.50%,33.50%,22.25%
2024-11-26 15:29:14,29.25%,28.00%,27.25%,29.25%
2024-11-26 15:29:16,26.00%,33.00%,40.50%,28.00%
2024-11-26 15:29:18,25.00%,29.50%,29.25%,31.25%
2024-11-26 15:29:20,35.50%,32.25%,42.25%,34.25%
2024-11-26 15:29:22,33.25%,30.25%,31.25%,31.00%
2024-11-26 15:29:24,32.25%,30.25%,26.25%,N/A
2024-11-26 15:29:26,26.00%,24.25%,27.25%,N/A
2024-11-26 15:29:28,29.25%,19.00%,25.25%,29.25%
2024-11-26 15:29:30,30.00%,32.50%,33.25%,24.25%
2024-11-26 15:29:32,17.25%,32.00%,32.25%,32.25%
2024-11-26 15:29:34,35.00%,35.25%,26.00%,38.25%
2024-11-26 15:29:36,25.50%,31.25%,20.25%,37.25%
2024-11-26 15:29:38,34.25%,35.00%,24.00%,27.25%
2024-11-26 15:29:40,33.25%,32.00%,33.25%,31.25%
2024-11-26 15:29:42,29.00%,21.50%,24.25%,28.25%
2024-11-26 15:29:44,22.25%,27.00%,28.25%,36.25%
2024-11-26 15:29:46,38.25%,37.00%,26.00%,28.25%
2024-11-26 15:29:48,N/A,29.25%,27.25%,21.25%
2024-11-26 15:29:50,N/A,24.25%,29.25%,40.25%
2024-11-26 15:29:52,N/A,25.25%,27.25%,35.25%
2024-11-26 15:29:54,35.00%,37.25%,28.00%,26.00%
2024-11-26 15:29:56,40.25%,30.25%,39.25%,34.50%
2024-11-26 15:29:58,29.00%,21.25%,32.00%,29.25%
2024-11-26 15:30:00,30.00%,27.50%,27.25%,29.00%
2024-11-26 15:30:02,37.25%,24.25%,30.50%,23.00%
2024-11-26 15:30:04,22.25%,28.25%,32.25%,22.00%
2024-11-26 15:30:06,27.50%,39.00%,28.25%,26.50%
2024-11-26 15:30:08,26.25%,29.25%,25.50%,20.50%
2024-11-26 15:30:10,40.25%,30.00%,25.50%,16.25%
2024-11-26 15:30:12,27.00%,34.25%,28.25%,31.00%
2024-11-26 15:30:14,21.25%,26.25%,39.00%,30.50%
2024-11-26 15:30:16,31.25%,27.25%,26.00%,33.00%
2024-11-26 15:30:18,32.25%,28.00%,30.25%,38.75%
2024-11-26 15:30:20,25.25%,23.25%,33.00%,13.00%
2024-11-26 15:30:22,22.25%,32.25%,28.25%,33.50%
2024-11-26 15:30:24,35.00%,N/A,30.25%,29.25%
2024-11-26 15:30:26,28.00%,N/A,37.50%,39.25%
2024-11-26 15:30:28,28.25%,N/A,21.00%,34.00%
2024-11-26 15:30:30,36.25%,38.25%,27.25%,37.25%
2024-11-26 15:30:32,19.25%,31.25%,32.00%,38.25%
2024-11-26 15:30:34,17.00%,21.25%,32.25%,30.75%
2024-11-26 15:30:36,30.25%,30.50%,26.25%,26.25%
2024-11-26 15:30:38,30.25%,24.00%,28.00%,36.00%
2024-11-26 15:30:40,27.00%,35.50%,33.25%,26.50%
2024-11-26 15:30:42,37.00%,35.25%,35.50%,31.50%
2024-11-26 15:30:44,27.00%,39.25%,29.00%,36.25%
2024-11-26 15:30:46,26.25%,30.25%,34.25%,38.25%
2024-11-26 15:30:48,38.00%,37.50%,36.25%,24.25%
2024-11-26 15:30:50,33.25%,28.00%,27.25%,28.25%
2024-11-26 15:30:53,34.50%,29.75%,N/A,30.00%
2024-11-26 15:30:55,37.00%,28.25%,N/A,26.25%
2024-11-26 15:30:57,22.25%,29.00%,N/A,37.25%
2024-11-26 15:30:59,35.25%,36.25%,N/A,24.50%
2024-11-26 15:31:01,36.00%,28.25%,N/A,30.25%
2024-11-26 15:31:03,23.00%,27.74%,N/A,24.25%
2024-11-26 15:31:05,20.50%,22.25%,N/A,26.00%
2024-11-26 15:31:07,20.25%,30.00%,N/A,18.00%
2024-11-26 15:31:09,38.50%,23.25%,N/A,32.25%
2024-11-26 15:31:11,35.00%,38.25%,N/A,24.74%
2024-11-26 15:31:13,30.25%,38.25%,30.00%,29.00%
2024-11-26 15:31:15,32.00%,24.25%,42.25%,26.50%
2024-11-26 15:31:17,24.25%,26.00%,26.25%,20.75%
2024-11-26 15:31:19,29.00%,24.00%,20.25%,29.00%
2024-11-26 15:31:21,23.75%,42.25%,19.25%,34.50%
2024-11-26 15:31:23,32.25%,34.00%,29.00%,33.00%
2024-11-26 15:31:25,24.25%,28.25%,30.25%,29.25%
2024-11-26 15:31:27,25.25%,28.25%,30.25%,39.25%
2024-11-26 15:31:29,28.00%,24.25%,35.00%,35.25%
2024-11-26 15:31:31,25.25%,27.25%,38.25%,19.25%
2024-11-26 15:31:33,26.25%,33.25%,35.00%,32.50%
2024-11-26 15:31:35,36.00%,43.25%,35.00%,36.00%
2024-11-26 15:31:37,32.25%,35.00%,27.00%,32.25%
2024-11-26 15:31:39,35.25%,33.00%,36.00%,33.25%
2024-11-26 15:31:41,29.25%,28.25%,35.25%,17.25%
2024-11-26 15:31:43,26.00%,31.25%,33.25%,38.00%
2024-11-26 15:31:45,35.25%,33.25%,22.50%,26.25%
2024-11-26 15:31:47,41.25%,27.00%,42.00%,27.50%
2024-11-26 15:31:49,33.74%,28.25%,30.50%,30.25%
2024-11-26 15:31:51,26.25%,19.25%,19.00%,35.00%
2024-11-26 15:31:53,24.25%,37.00%,34.50%,36.25%
2024-11-26 15:31:55,27.25%,38.25%,28.25%,29.00%
2024-11-26 15:31:57,27.25%,37.00%,28.25%,25.00%
2024-11-26 15:31:59,27.25%,29.50%,32.50%,34.50%
2024-11-26 15:32:01,24.00%,42.00%,36.25%,30.00%
2024-11-26 15:32:03,37.00%,31.00%,25.00%,32.50%
2024-11-26 15:32:05,35.25%,28.25%,27.25%,32.00%
2024-11-26 15:32:07,29.25%,32.00%,27.25%,23.50%
2024-11-26 15:32:09,32.25%,33.25%,36.25%,34.00%
2024-11-26 15:32:11,40.00%,31.25%,30.50%,29.25%
2024-11-26 15:32:13,28.50%,30.50%,35.25%,27.25%
2024-11-26 15:32:15,23.50%,25.25%,26.50%,30.25%
2024-11-26 15:32:17,23.00%,34.25%,30.50%,34.00%
2024-11-26 15:32:19,33.25%,27.25%,33.00%,32.25%
2024-11-26 15:32:21,33.00%,28.50%,27.00%,35.25%
2024-11-26 15:32:23,23.00%,41.00%,27.50%,32.00%
2024-11-26 15:32:25,38.00%,29.25%,28.50%,32.00%
2024-11-26 15:32:27,28.25%,30.00%,31.25%,29.25%
2024-11-26 15:32:29,26.25%,28.25%,22.25%,20.00%
2024-11-26 15:32:31,40.00%,36.25%,35.25%,26.00%
2024-11-26 15:32:33,31.25%,30.25%,30.00%,41.25%
2024-11-26 15:32:35,33.25%,33.25%,28.25%,20.25%
2024-11-26 15:32:37,26.25%,26.50%,34.25%,28.50%
2024-11-26 15:32:39,26.50%,35.00%,30.25%,21.50%
2024-11-26 15:32:41,34.25%,29.50%,31.99%,29.25%
2024-11-26 15:32:43,28.00%,20.00%,32.25%,33.00%
2024-11-26 15:32:45,24.50%,33.00%,29.25%,34.25%
2024-11-26 15:32:47,27.25%,29.00%,31.25%,29.25%
2024-11-26 15:32:49,40.00%,33.25%,29.00%,27.50%
2024-11-26 15:32:51,29.25%,24.25%,27.25%,24.00%
2024-11-26 15:32:53,21.25%,33.00%,32.25%,33.25%
2024-11-26 15:32:55,29.25%,25.74%,28.00%,32.00%
2024-11-26 15:32:57,31.50%,19.25%,21.00%,31.25%
2024-11-26 15:32:59,43.00%,30.25%,25.25%,27.00%
2024-11-26 15:33:01,24.00%,28.50%,28.00%,34.50%
2024-11-26 15:33:03,18.25%,29.00%,35.00%,N/A
2024-11-26 15:33:05,42.25%,28.25%,31.50%,23.25%
2024-11-26 15:33:07,33.00%,32.00%,26.50%,28.75%
2024-11-26 15:33:09,30.25%,34.25%,39.25%,32.50%
2024-11-26 15:33:11,33.25%,34.25%,34.00%,33.50%
2024-11-26 15:33:13,25.25%,25.25%,36.25%,36.25%
2024-11-26 15:33:15,28.00%,22.00%,25.00%,27.50%
2024-11-26 15:33:17,30.25%,34.00%,34.25%,25.25%
2024-11-26 15:33:19,29.25%,29.00%,31.25%,31.00%
2024-11-26 15:33:21,34.00%,36.25%,21.25%,27.25%
2024-11-26 15:33:23,28.50%,31.00%,31.00%,21.25%
2024-11-26 15:33:25,34.25%,30.25%,28.00%,27.00%
2024-11-26 15:33:27,31.00%,25.25%,32.00%,27.50%
2024-11-26 15:33:29,N/A,29.25%,21.50%,26.50%
2024-11-26 15:33:31,31.25%,29.25%,32.50%,29.00%
2024-11-26 15:33:33,30.25%,32.25%,34.25%,33.25%
2024-11-26 15:33:35,29.25%,27.25%,18.25%,32.25%
2024-11-26 15:33:37,31.00%,28.25%,21.00%,30.00%
2024-11-26 15:33:39,32.25%,32.25%,24.25%,18.00%
2024-11-26 15:33:41,28.25%,26.25%,33.25%,28.25%
2024-11-26 15:33:43,27.25%,40.25%,29.00%,37.00%
2024-11-26 15:33:45,31.00%,24.25%,28.00%,23.25%
2024-11-26 15:33:47,38.25%,30.25%,30.50%,21.50%
2024-11-26 15:33:49,25.25%,20.00%,24.00%,30.00%
2024-11-26 15:33:51,31.25%,33.25%,28.00%,28.25%
2024-11-26 15:33:53,32.50%,36.50%,28.00%,33.50%
2024-11-26 15:33:55,28.00%,30.25%,35.25%,42.25%
2024-11-26 15:33:57,24.25%,25.00%,40.00%,24.00%
2024-11-26 15:33:59,33.50%,39.25%,20.50%,27.50%
2024-11-26 15:34:01,29.25%,39.50%,18.25%,35.25%
2024-11-26 15:34:03,31.00%,N/A,30.00%,22.00%
2024-11-26 15:34:05,33.50%,N/A,32.25%,33.25%
2024-11-26 15:34:07,32.25%,N/A,30.00%,23.25%
2024-11-26 15:34:09,29.25%,N/A,32.25%,33.25%
2024-11-26 15:34:11,26.50%,26.25%,29.25%,34.00%
2024-11-26 15:34:13,29.25%,28.00%,33.25%,28.50%
2024-11-26 15:34:15,32.00%,23.25%,33.00%,31.00%
2024-11-26 15:34:17,23.00%,27.25%,27.25%,31.25%
2024-11-26 15:34:19,27.25%,34.25%,33.25%,27.50%
2024-11-26 15:34:21,33.00%,31.25%,31.25%,33.25%
2024-11-26 15:34:23,33.25%,33.25%,29.25%,26.25%
2024-11-26 15:34:25,31.00%,23.50%,28.25%,34.25%
2024-11-26 15:34:27,25.25%,29.25%,29.25%,29.50%
2024-11-26 15:34:29,25.00%,27.00%,28.00%,29.00%
2024-11-26 15:34:32,28.25%,26.25%,N/A,31.25%
2024-11-26 15:34:34,23.25%,30.25%,N/A,25.00%
2024-11-26 15:34:36,21.25%,31.50%,N/A,32.50%
2024-11-26 15:34:38,27.25%,29.00%,N/A,24.00%
2024-11-26 15:34:40,34.25%,36.25%,N/A,25.50%
2024-11-26 15:34:42,28.25%,21.00%,N/A,34.00%
2024-11-26 15:34:44,38.00%,34.00%,N/A,25.00%
2024-11-26 15:34:46,36.50%,33.00%,N/A,28.25%
2024-11-26 15:34:48,23.50%,27.25%,N/A,27.00%
2024-11-26 15:34:50,25.50%,29.25%,N/A,29.50%
2024-11-26 15:34:52,33.00%,34.25%,31.25%,32.25%
2024-11-26 15:34:54,24.25%,32.25%,29.25%,35.25%
2024-11-26 15:34:56,31.25%,29.00%,32.00%,31.00%
2024-11-26 15:34:58,27.00%,24.25%,38.25%,34.25%
2024-11-26 15:35:00,30.00%,30.25%,37.00%,22.00%
2024-11-26 15:35:02,32.25%,33.25%,31.25%,32.25%
2024-11-26 15:35:04,28.25%,24.25%,25.00%,41.25%
2024-11-26 15:35:06,29.00%,31.00%,28.25%,41.00%
2024-11-26 15:35:08,38.25%,30.25%,40.25%,28.50%
2024-11-26 15:35:10,26.00%,25.00%,23.00%,29.00%
2024-11-26 15:35:12,21.25%,36.00%,22.25%,26.00%
2024-11-26 15:35:14,28.25%,41.25%,31.00%,34.00%
2024-11-26 15:35:16,33.25%,23.25%,26.50%,31.25%
2024-11-26 15:35:18,28.25%,25.50%,34.25%,20.00%
2024-11-26 15:35:20,35.25%,22.00%,36.00%,29.25%
2024-11-26 15:35:22,27.25%,35.25%,29.25%,38.00%
2024-11-26 15:35:24,24.00%,33.25%,31.50%,22.25%
2024-11-26 15:35:26,30.00%,22.50%,35.25%,23.00%
2024-11-26 15:35:28,27.25%,27.25%,27.25%,28.25%
2024-11-26 15:35:30,39.50%,37.25%,26.00%,29.00%
2024-11-26 15:35:32,28.50%,42.25%,25.00%,36.25%
2024-11-26 15:35:34,29.25%,28.00%,32.25%,33.00%
2024-11-26 15:35:36,27.00%,33.25%,47.50%,24.50%
2024-11-26 15:35:38,23.25%,32.25%,29.25%,38.25%
2024-11-26 15:35:40,29.25%,35.25%,35.25%,32.00%
2024-11-26 15:35:42,31.00%,34.00%,42.00%,30.25%
2024-11-26 15:35:44,30.25%,34.25%,37.00%,27.25%
2024-11-26 15:35:46,23.00%,30.00%,25.25%,28.25%
2024-11-26 15:35:48,35.25%,32.00%,29.25%,24.75%
2024-11-26 15:35:50,27.25%,34.25%,29.25%,38.00%
2024-11-26 15:35:52,31.25%,29.25%,25.00%,35.00%
2024-11-26 15:35:54,31.25%,24.00%,27.25%,27.00%
2024-11-26 15:35:56,28.25%,34.25%,25.25%,23.00%
2024-11-26 15:35:58,28.00%,37.00%,27.25%,35.00%
2024-11-26 15:36:00,28.50%,27.00%,44.00%,41.50%
2024-11-26 15:36:02,29.25%,23.50%,24.25%,28.25%
2024-11-26 15:36:04,28.25%,25.00%,23.00%,35.00%
2024-11-26 15:36:06,31.25%,22.25%,38.00%,35.25%
2024-11-26 15:36:08,25.25%,33.00%,30.25%,31.25%
2024-11-26 15:36:10,30.25%,28.00%,44.50%,28.25%
2024-11-26 15:36:12,21.00%,29.25%,32.25%,39.50%
2024-11-26 15:36:14,41.25%,35.25%,34.25%,27.50%
2024-11-26 15:36:16,26.50%,25.25%,25.25%,24.25%
2024-11-26 15:36:18,27.00%,21.25%,30.50%,27.00%
2024-11-26 15:36:20,30.00%,35.25%,33.00%,23.50%
2024-11-26 15:36:22,20.00%,26.50%,17.50%,31.00%
2024-11-26 15:36:24,34.25%,26.00%,28.25%,26.50%
2024-11-26 15:36:26,23.25%,31.25%,30.25%,29.00%
2024-11-26 15:36:28,31.25%,32.50%,32.00%,20.50%
2024-11-26 15:36:30,33.00%,30.25%,27.25%,43.00%
2024-11-26 15:36:32,33.00%,21.00%,43.25%,39.99%
2024-11-26 15:36:34,30.50%,26.25%,34.00%,29.00%
2024-11-26 15:36:36,30.25%,24.25%,28.00%,30.00%
2024-11-26 15:36:38,46.50%,23.00%,33.50%,27.74%
2024-11-26 15:36:40,30.00%,40.00%,31.25%,35.25%
2024-11-26 15:36:42,20.25%,37.25%,37.25%,30.50%
2024-11-26 15:36:44,34.00%,33.00%,25.25%,33.50%
2024-11-26 15:36:46,35.75%,32.00%,34.25%,32.00%
2024-11-26 15:36:48,25.25%,30.25%,36.25%,40.50%
2024-11-26 15:36:50,32.50%,25.00%,28.25%,26.00%
2024-11-26 15:36:52,31.25%,30.50%,24.25%,N/A
2024-11-26 15:36:54,32.50%,31.50%,34.25%,34.50%
2024-11-26 15:36:56,32.00%,37.50%,33.50%,25.25%
2024-11-26 15:36:58,26.50%,23.50%,28.25%,32.25%
2024-11-26 15:37:00,34.50%,30.25%,35.00%,27.25%
2024-11-26 15:37:02,30.25%,32.25%,24.00%,35.25%
2024-11-26 15:37:04,29.50%,30.25%,28.25%,30.00%
2024-11-26 15:37:06,37.25%,43.00%,23.25%,41.25%
2024-11-26 15:37:08,26.00%,32.00%,39.25%,37.25%
2024-11-26 15:37:10,32.25%,33.00%,22.25%,41.25%
2024-11-26 15:37:12,28.25%,30.00%,31.25%,24.25%
2024-11-26 15:37:14,30.00%,37.00%,39.50%,24.50%
2024-11-26 15:37:16,32.00%,28.25%,32.00%,24.25%
2024-11-26 15:37:18,N/A,34.00%,35.25%,27.25%
2024-11-26 15:37:20,N/A,28.00%,28.25%,29.25%
2024-11-26 15:37:22,32.25%,26.25%,30.25%,25.00%
2024-11-26 15:37:24,29.25%,32.50%,30.00%,32.25%
2024-11-26 15:37:26,40.00%,40.50%,28.25%,51.50%
2024-11-26 15:37:28,36.00%,30.00%,30.50%,34.00%
2024-11-26 15:37:30,29.25%,32.25%,23.75%,28.25%
2024-11-26 15:37:32,33.25%,22.00%,28.25%,33.00%
2024-11-26 15:37:34,40.25%,37.25%,33.25%,30.25%
2024-11-26 15:37:36,30.25%,30.25%,43.50%,34.00%
2024-11-26 15:37:38,32.25%,39.00%,27.25%,32.25%
2024-11-26 15:37:40,25.25%,27.50%,25.25%,30.50%
2024-11-26 15:37:42,38.00%,30.00%,35.25%,28.25%
2024-11-26 15:37:44,25.25%,31.25%,27.25%,24.00%
2024-11-26 15:37:46,27.25%,34.25%,23.25%,29.25%
2024-11-26 15:37:48,21.25%,30.50%,25.25%,22.00%
2024-11-26 15:37:50,32.25%,31.50%,24.25%,31.25%
2024-11-26 15:37:52,24.25%,31.00%,35.25%,29.00%
2024-11-26 15:37:54,36.25%,N/A,20.00%,43.00%
2024-11-26 15:37:56,35.00%,N/A,27.74%,25.00%
2024-11-26 15:37:58,25.50%,N/A,32.25%,36.25%
2024-11-26 15:38:00,23.25%,34.25%,28.25%,22.00%
2024-11-26 15:38:02,37.25%,27.25%,36.25%,24.25%
2024-11-26 15:38:04,46.25%,28.74%,27.25%,26.50%
2024-11-26 15:38:06,30.00%,38.00%,30.00%,25.00%
2024-11-26 15:38:08,23.50%,28.00%,28.50%,25.25%
2024-11-26 15:38:10,35.25%,38.00%,36.00%,32.00%
2024-11-26 15:38:12,33.25%,35.50%,37.25%,29.00%
2024-11-26 15:38:14,27.25%,22.25%,26.25%,30.25%
2024-11-26 15:38:16,41.50%,33.50%,33.25%,29.25%
2024-11-26 15:38:18,25.25%,35.00%,30.00%,34.25%
2024-11-26 15:38:20,31.25%,22.00%,N/A,34.25%
2024-11-26 15:38:23,28.25%,28.25%,N/A,25.00%
2024-11-26 15:38:25,27.00%,22.25%,N/A,37.25%
2024-11-26 15:38:27,24.50%,29.75%,N/A,43.25%
2024-11-26 15:38:29,33.00%,34.50%,N/A,29.25%
2024-11-26 15:38:31,34.00%,34.00%,N/A,17.25%
2024-11-26 15:38:33,28.25%,23.25%,N/A,28.00%
2024-11-26 15:38:35,35.00%,23.25%,N/A,32.25%
2024-11-26 15:38:37,37.25%,27.25%,N/A,41.00%
2024-11-26 15:38:39,37.50%,24.25%,20.25%,37.50%
2024-11-26 15:38:41,30.25%,43.00%,30.50%,29.25%
2024-11-26 15:38:43,32.50%,29.25%,31.00%,29.00%
2024-11-26 15:38:45,31.25%,35.25%,37.25%,29.25%
2024-11-26 15:38:47,37.50%,34.25%,26.25%,35.25%
2024-11-26 15:38:49,36.50%,32.25%,30.25%,37.25%
2024-11-26 15:38:51,30.50%,33.50%,26.00%,35.99%
2024-11-26 15:38:53,44.00%,31.25%,34.00%,35.00%
2024-11-26 15:38:55,26.50%,28.00%,33.25%,33.25%
2024-11-26 15:38:57,35.00%,23.50%,37.00%,39.00%
2024-11-26 15:38:59,27.00%,24.25%,30.00%,31.00%
2024-11-26 15:39:01,27.25%,27.50%,28.00%,31.25%
2024-11-26 15:39:03,20.00%,29.00%,27.50%,33.00%
2024-11-26 15:39:05,22.00%,33.50%,26.50%,37.50%
2024-11-26 15:39:07,41.00%,26.25%,27.25%,33.50%
2024-11-26 15:39:09,23.75%,32.25%,31.25%,24.50%
2024-11-26 15:39:11,27.00%,23.25%,30.50%,41.00%
2024-11-26 15:39:13,29.25%,33.25%,20.00%,36.25%
2024-11-26 15:39:15,26.50%,38.00%,30.25%,36.50%
2024-11-26 15:39:17,28.50%,24.00%,35.25%,27.75%
2024-11-26 15:39:19,38.25%,28.25%,31.25%,28.25%
2024-11-26 15:39:21,27.00%,21.25%,33.25%,26.25%
2024-11-26 15:39:23,31.25%,32.00%,33.25%,29.25%
2024-11-26 15:39:25,31.00%,22.25%,30.25%,22.25%
2024-11-26 15:39:27,34.50%,27.25%,29.00%,26.50%
2024-11-26 15:39:29,25.25%,20.25%,35.25%,32.00%
2024-11-26 15:39:31,27.25%,28.00%,32.00%,22.00%
2024-11-26 15:39:33,30.50%,23.25%,28.00%,27.50%
2024-11-26 15:39:35,21.25%,33.00%,37.25%,41.25%
2024-11-26 15:39:37,32.25%,29.00%,31.25%,34.00%
2024-11-26 15:39:39,25.25%,42.25%,28.50%,23.25%
2024-11-26 15:39:41,27.25%,33.00%,31.00%,32.25%
2024-11-26 15:39:43,26.50%,34.25%,34.00%,23.00%
2024-11-26 15:39:45,26.50%,37.25%,34.00%,37.99%
2024-11-26 15:39:47,24.25%,25.25%,34.25%,31.00%
2024-11-26 15:39:49,22.75%,31.25%,31.25%,24.50%
2024-11-26 15:39:51,33.00%,31.00%,30.50%,34.25%
2024-11-26 15:39:53,33.25%,26.00%,26.00%,24.25%
2024-11-26 15:39:55,31.25%,28.25%,24.25%,35.00%
2024-11-26 15:39:57,34.74%,32.00%,33.25%,34.25%
2024-11-26 15:39:59,41.50%,30.50%,23.00%,33.25%
2024-11-26 15:40:01,34.25%,35.25%,34.75%,28.00%
2024-11-26 15:40:03,27.25%,36.25%,22.00%,25.00%
2024-11-26 15:40:05,28.00%,37.25%,25.75%,35.50%
2024-11-26 15:40:07,31.25%,38.50%,26.00%,26.00%
2024-11-26 15:40:09,31.00%,24.25%,29.25%,38.25%
2024-11-26 15:40:11,24.00%,37.25%,34.25%,36.25%
2024-11-26 15:40:13,27.50%,29.50%,18.25%,38.00%
2024-11-26 15:40:15,33.00%,31.25%,25.00%,27.25%
2024-11-26 15:40:17,25.00%,36.25%,23.00%,37.50%
2024-11-26 15:40:19,34.25%,28.00%,24.25%,37.25%
2024-11-26 15:40:21,30.25%,33.25%,34.25%,27.00%
2024-11-26 15:40:23,36.25%,33.00%,34.25%,32.00%
2024-11-26 15:40:25,26.00%,38.50%,40.00%,30.25%
2024-11-26 15:40:27,28.25%,38.75%,23.25%,29.00%
2024-11-26 15:40:29,36.00%,26.25%,33.25%,N/A
2024-11-26 15:40:31,20.25%,31.25%,35.00%,26.25%
2024-11-26 15:40:33,25.50%,25.25%,24.25%,37.00%
2024-11-26 15:40:35,37.25%,26.25%,28.25%,30.25%
2024-11-26 15:40:37,29.25%,34.25%,41.25%,37.50%
2024-11-26 15:40:39,30.25%,31.25%,40.50%,24.25%
2024-11-26 15:40:41,28.50%,31.25%,24.25%,25.00%
2024-11-26 15:40:43,26.25%,36.25%,28.00%,38.00%
2024-11-26 15:40:45,32.00%,27.00%,21.25%,27.25%
2024-11-26 15:40:47,34.25%,28.00%,30.25%,39.25%
2024-11-26 15:40:49,33.00%,31.25%,23.00%,29.25%
2024-11-26 15:40:51,34.50%,21.00%,32.25%,33.25%
2024-11-26 15:40:53,28.00%,29.00%,31.25%,34.25%
2024-11-26 15:40:55,N/A,19.25%,23.25%,36.25%
2024-11-26 15:40:57,N/A,33.50%,18.25%,23.25%
2024-11-26 15:40:59,30.25%,33.25%,25.00%,32.00%
2024-11-26 15:41:01,36.25%,34.75%,27.00%,35.00%
2024-11-26 15:41:03,25.25%,27.25%,36.25%,30.25%
2024-11-26 15:41:05,29.25%,33.00%,28.25%,25.50%
2024-11-26 15:41:07,33.25%,24.25%,29.00%,23.00%
2024-11-26 15:41:09,19.25%,37.00%,37.50%,27.25%
2024-11-26 15:41:11,29.25%,21.00%,29.00%,21.25%
2024-11-26 15:41:13,32.25%,42.25%,36.50%,17.00%
2024-11-26 15:41:15,38.25%,38.00%,22.00%,33.25%
2024-11-26 15:41:17,29.25%,34.50%,29.50%,42.25%
2024-11-26 15:41:19,31.25%,31.25%,33.00%,23.50%
2024-11-26 15:41:21,33.25%,36.00%,27.25%,35.25%
2024-11-26 15:41:23,31.00%,27.25%,26.25%,32.25%
2024-11-26 15:41:25,30.00%,39.00%,28.25%,29.50%
2024-11-26 15:41:27,36.25%,27.50%,27.00%,19.25%
2024-11-26 15:41:29,31.25%,24.00%,27.50%,32.50%
2024-11-26 15:41:31,36.75%,N/A,27.00%,33.25%
2024-11-26 15:41:33,36.25%,N/A,38.00%,28.25%
2024-11-26 15:41:35,21.25%,N/A,34.25%,29.50%
2024-11-26 15:41:37,31.74%,38.75%,36.25%,34.25%
2024-11-26 15:41:39,28.00%,30.25%,29.00%,28.25%
2024-11-26 15:41:41,33.00%,34.00%,25.50%,25.00%
2024-11-26 15:41:43,31.00%,33.25%,34.00%,21.25%
2024-11-26 15:41:45,25.25%,34.50%,35.25%,38.00%
2024-11-26 15:41:47,32.50%,37.25%,32.50%,36.25%
2024-11-26 15:41:49,31.00%,30.25%,29.25%,32.00%
2024-11-26 15:41:51,20.00%,28.00%,26.00%,36.25%
2024-11-26 15:41:53,35.25%,29.25%,32.25%,26.25%
2024-11-26 15:41:55,25.25%,33.25%,43.25%,27.00%
2024-11-26 15:41:57,28.25%,28.25%,34.00%,40.00%
2024-11-26 15:41:59,27.25%,43.25%,N/A,33.50%
2024-11-26 15:42:02,28.00%,42.50%,N/A,23.25%
2024-11-26 15:42:04,34.25%,23.00%,N/A,23.50%
2024-11-26 15:42:06,35.25%,27.50%,N/A,24.25%
2024-11-26 15:42:08,26.50%,33.25%,N/A,30.00%
2024-11-26 15:42:10,18.25%,29.25%,N/A,33.25%
2024-11-26 15:42:12,25.00%,37.00%,N/A,30.00%
2024-11-26 15:42:14,19.25%,27.25%,N/A,29.25%
2024-11-26 15:42:16,29.25%,37.25%,N/A,23.25%
2024-11-26 15:42:18,32.25%,31.25%,N/A,24.00%
2024-11-26 15:42:20,32.50%,34.50%,36.50%,31.25%
2024-11-26 15:42:22,31.25%,27.00%,27.00%,19.25%
2024-11-26 15:42:24,22.50%,27.00%,20.00%,23.25%
2024-11-26 15:42:26,21.25%,31.50%,33.00%,24.00%
2024-11-26 15:42:28,35.00%,28.25%,31.00%,38.50%
2024-11-26 15:42:30,30.50%,18.25%,27.25%,22.50%
2024-11-26 15:42:32,40.25%,26.50%,17.25%,29.25%
2024-11-26 15:42:34,32.50%,25.25%,26.25%,29.25%
2024-11-26 15:42:36,30.25%,29.25%,25.25%,32.00%
2024-11-26 15:42:38,37.50%,22.00%,39.00%,29.25%
2024-11-26 15:42:40,28.00%,26.25%,25.50%,35.25%
2024-11-26 15:42:42,30.25%,30.25%,24.25%,21.25%
2024-11-26 15:42:44,29.25%,35.00%,23.00%,23.50%
2024-11-26 15:42:46,28.25%,26.25%,34.25%,27.25%
2024-11-26 15:42:48,39.25%,35.00%,32.25%,39.25%
2024-11-26 15:42:50,34.25%,32.00%,23.00%,33.25%
2024-11-26 15:42:52,29.00%,28.25%,35.25%,37.25%
2024-11-26 15:42:54,31.50%,27.25%,23.50%,29.25%
2024-11-26 15:42:56,22.00%,37.50%,37.00%,39.00%
2024-11-26 15:42:58,22.50%,35.00%,31.50%,22.25%
2024-11-26 15:43:00,29.50%,27.00%,29.25%,27.50%
2024-11-26 15:43:02,19.25%,33.25%,24.25%,32.00%
2024-11-26 15:43:04,31.00%,34.25%,30.25%,31.25%
2024-11-26 15:43:06,33.00%,28.25%,31.25%,36.50%
2024-11-26 15:43:08,20.25%,22.25%,27.25%,21.25%
2024-11-26 15:43:10,26.25%,37.25%,27.00%,22.25%
2024-11-26 15:43:12,26.00%,36.50%,33.25%,31.00%
2024-11-26 15:43:14,26.25%,26.25%,41.00%,28.25%
2024-11-26 15:43:16,29.25%,29.25%,33.00%,28.75%
2024-11-26 15:43:18,23.25%,27.25%,29.00%,29.25%
2024-11-26 15:43:20,21.00%,25.25%,27.25%,26.25%
2024-11-26 15:43:22,49.00%,25.50%,23.25%,28.00%
2024-11-26 15:43:24,37.25%,20.00%,28.00%,25.25%
2024-11-26 15:43:26,29.00%,23.00%,31.25%,31.25%
2024-11-26 15:43:28,31.25%,20.50%,27.50%,33.25%
2024-11-26 15:43:30,32.25%,26.25%,29.25%,36.25%
2024-11-26 15:43:32,25.25%,34.25%,22.00%,34.25%
2024-11-26 15:43:34,32.25%,24.25%,35.25%,26.00%
2024-11-26 15:43:36,25.50%,26.00%,32.25%,29.25%
2024-11-26 15:43:38,40.25%,33.25%,38.25%,38.25%
2024-11-26 15:43:40,26.25%,28.25%,23.25%,22.25%
2024-11-26 15:43:42,28.25%,35.50%,35.00%,32.50%
2024-11-26 15:43:44,25.50%,31.00%,30.00%,19.25%
2024-11-26 15:43:46,31.50%,31.25%,32.00%,26.25%
2024-11-26 15:43:48,39.25%,28.00%,26.00%,22.25%
2024-11-26 15:43:50,35.00%,31.25%,26.00%,29.25%
2024-11-26 15:43:52,29.25%,25.00%,36.25%,18.25%
2024-11-26 15:43:54,44.00%,34.25%,18.00%,30.00%
2024-11-26 15:43:56,27.50%,31.25%,22.25%,35.50%
2024-11-26 15:43:58,21.25%,18.00%,35.50%,29.74%
2024-11-26 15:44:00,34.25%,22.00%,31.00%,32.25%
2024-11-26 15:44:02,28.00%,31.00%,26.50%,24.00%
2024-11-26 15:44:04,25.00%,32.00%,25.74%,30.25%
2024-11-26 15:44:06,45.25%,27.50%,34.00%,34.50%
2024-11-26 15:44:08,32.25%,22.00%,20.75%,24.25%
2024-11-26 15:44:10,28.00%,25.50%,29.00%,39.25%
2024-11-26 15:44:12,33.25%,40.25%,37.25%,25.00%
2024-11-26 15:44:14,27.50%,28.50%,35.00%,N/A
2024-11-26 15:44:16,28.50%,27.25%,28.25%,30.00%
2024-11-26 15:44:18,34.00%,33.00%,29.25%,37.00%
2024-11-26 15:44:20,24.00%,29.25%,28.25%,30.00%
2024-11-26 15:44:22,25.50%,26.00%,27.25%,43.25%
2024-11-26 15:44:24,27.25%,33.50%,27.25%,27.25%
2024-11-26 15:44:26,19.00%,27.00%,24.00%,33.25%
2024-11-26 15:44:28,27.00%,36.74%,34.25%,31.00%
2024-11-26 15:44:30,22.50%,24.00%,34.00%,41.25%
2024-11-26 15:44:32,27.25%,37.25%,17.25%,43.00%
2024-11-26 15:44:34,28.25%,28.00%,24.00%,28.00%
2024-11-26 15:44:36,N/A,28.25%,35.25%,30.00%
2024-11-26 15:44:38,N/A,26.25%,20.25%,36.25%
2024-11-26 15:44:40,26.00%,24.25%,46.50%,26.25%
2024-11-26 15:44:42,29.75%,31.00%,35.25%,20.25%
2024-11-26 15:44:44,28.00%,44.25%,23.50%,25.50%
2024-11-26 15:44:46,28.25%,27.00%,35.25%,28.25%
2024-11-26 15:44:48,24.25%,30.00%,32.50%,28.00%
2024-11-26 15:44:50,39.00%,27.00%,35.00%,26.25%
2024-11-26 15:44:52,32.25%,27.50%,20.25%,32.00%
2024-11-26 15:44:54,27.25%,38.00%,24.25%,32.50%
2024-11-26 15:44:56,35.00%,21.00%,30.25%,21.25%
2024-11-26 15:44:58,33.00%,32.25%,30.25%,36.25%
2024-11-26 15:45:00,25.50%,27.25%,26.00%,40.25%
2024-11-26 15:45:02,26.25%,37.25%,28.25%,22.25%
2024-11-26 15:45:04,35.25%,33.00%,29.25%,34.25%
2024-11-26 15:45:06,26.25%,31.25%,36.00%,38.00%
2024-11-26 15:45:08,32.25%,26.50%,26.25%,27.25%
2024-11-26 15:45:10,37.50%,25.00%,36.25%,27.00%
2024-11-26 15:45:12,33.00%,N/A,24.25%,37.00%
2024-11-26 15:45:14,37.00%,N/A,25.25%,31.25%
2024-11-26 15:45:16,27.00%,N/A,20.25%,32.25%
2024-11-26 15:45:18,24.00%,33.25%,28.25%,27.25%
2024-11-26 15:45:20,28.25%,37.25%,40.50%,29.00%
2024-11-26 15:45:22,30.00%,30.00%,26.00%,25.25%
2024-11-26 15:45:24,37.25%,31.50%,34.00%,30.00%
2024-11-26 15:45:26,24.00%,30.50%,26.25%,28.25%
2024-11-26 15:45:28,24.50%,25.00%,23.25%,34.25%
2024-11-26 15:45:30,35.00%,24.00%,26.00%,24.50%
2024-11-26 15:45:32,28.25%,42.00%,31.25%,24.25%
2024-11-26 15:45:34,31.25%,25.50%,29.25%,44.25%
2024-11-26 15:45:36,30.50%,46.00%,30.00%,42.25%
2024-11-26 15:45:38,24.50%,34.25%,34.25%,28.50%
2024-11-26 15:45:40,33.25%,32.50%,N/A,22.25%
2024-11-26 15:45:43,33.50%,30.00%,N/A,25.50%
2024-11-26 15:45:45,26.50%,29.25%,N/A,41.25%
2024-11-26 15:45:47,27.25%,25.25%,N/A,29.00%
2024-11-26 15:45:49,26.00%,24.00%,N/A,25.25%
2024-11-26 15:45:51,28.25%,34.00%,N/A,40.00%
2024-11-26 15:45:53,24.25%,26.25%,N/A,28.50%
2024-11-26 15:45:55,31.00%,29.25%,N/A,32.00%
2024-11-26 15:45:57,23.00%,33.00%,N/A,31.50%
2024-11-26 15:45:59,24.25%,28.00%,N/A,20.25%
2024-11-26 15:46:01,28.25%,34.00%,N/A,29.25%
2024-11-26 15:46:03,21.25%,28.25%,28.25%,30.25%
2024-11-26 15:46:05,25.50%,22.25%,36.25%,31.50%
2024-11-26 15:46:07,20.25%,21.25%,28.00%,25.50%
2024-11-26 15:46:09,24.00%,35.25%,31.00%,35.25%
2024-11-26 15:46:11,24.25%,23.25%,28.25%,31.50%
2024-11-26 15:46:13,19.25%,30.00%,28.00%,37.25%
2024-11-26 15:46:15,27.00%,25.25%,32.00%,27.00%
2024-11-26 15:46:17,36.25%,27.25%,33.50%,24.25%
2024-11-26 15:46:19,26.25%,24.25%,36.25%,30.25%
2024-11-26 15:46:21,40.25%,23.25%,29.50%,40.50%
2024-11-26 15:46:23,32.25%,26.00%,33.25%,35.25%
2024-11-26 15:46:25,24.00%,22.25%,25.25%,24.25%
2024-11-26 15:46:27,29.75%,46.25%,28.00%,35.50%
2024-11-26 15:46:29,28.00%,31.25%,34.25%,32.00%
2024-11-26 15:46:31,26.00%,24.00%,39.25%,25.25%
2024-11-26 15:46:33,29.25%,27.00%,35.00%,22.00%
2024-11-26 15:46:35,36.00%,23.25%,37.25%,27.74%
2024-11-26 15:46:37,29.00%,41.25%,34.50%,25.25%
2024-11-26 15:46:39,27.25%,27.25%,34.25%,30.25%
2024-11-26 15:46:41,31.25%,33.00%,33.25%,24.25%
2024-11-26 15:46:43,32.00%,18.25%,35.00%,27.00%
2024-11-26 15:46:45,26.00%,37.25%,44.50%,32.25%
2024-11-26 15:46:47,33.50%,26.00%,25.25%,29.25%
2024-11-26 15:46:49,38.25%,36.00%,35.00%,29.00%
2024-11-26 15:46:51,25.50%,35.25%,26.25%,37.25%
2024-11-26 15:46:53,30.25%,34.00%,38.00%,27.25%
2024-11-26 15:46:55,38.25%,27.25%,27.25%,28.25%
2024-11-26 15:46:57,28.25%,20.50%,27.25%,32.25%
2024-11-26 15:46:59,26.00%,27.50%,27.25%,35.25%
2024-11-26 15:47:01,30.25%,35.00%,34.25%,41.25%
2024-11-26 15:47:03,22.25%,32.50%,27.00%,39.25%
2024-11-26 15:47:05,34.25%,28.25%,29.25%,31.25%
2024-11-26 15:47:07,28.00%,33.25%,36.00%,21.00%
2024-11-26 15:47:09,45.25%,43.25%,22.25%,29.00%
2024-11-26 15:47:11,34.25%,27.00%,36.00%,27.25%
2024-11-26 15:47:13,28.25%,21.25%,36.00%,35.25%
2024-11-26 15:47:15,31.00%,34.25%,27.25%,22.00%
2024-11-26 15:47:17,27.25%,28.25%,28.00%,27.25%
2024-11-26 15:47:19,34.00%,26.00%,24.00%,27.25%
2024-11-26 15:47:21,33.25%,31.25%,29.00%,29.00%
2024-11-26 15:47:23,24.00%,28.50%,28.00%,28.50%
2024-11-26 15:47:25,26.00%,25.25%,34.00%,35.25%
2024-11-26 15:47:27,37.25%,23.25%,39.00%,30.25%
2024-11-26 15:47:29,24.00%,30.00%,41.00%,29.25%
2024-11-26 15:47:31,33.50%,41.25%,38.25%,29.25%
2024-11-26 15:47:33,32.00%,33.50%,25.00%,29.25%
2024-11-26 15:47:35,29.25%,22.25%,25.25%,36.25%
2024-11-26 15:47:37,28.50%,21.25%,26.00%,32.25%
2024-11-26 15:47:39,23.50%,33.25%,29.00%,23.75%
2024-11-26 15:47:41,40.25%,25.50%,27.25%,28.75%
2024-11-26 15:47:43,42.25%,27.50%,26.25%,30.25%
2024-11-26 15:47:45,32.00%,26.25%,33.25%,32.50%
2024-11-26 15:47:47,28.25%,39.50%,33.00%,34.00%
2024-11-26 15:47:49,33.50%,26.25%,28.00%,27.00%
2024-11-26 15:47:51,25.50%,35.25%,32.25%,34.25%
2024-11-26 15:47:53,26.25%,22.75%,20.50%,22.00%
2024-11-26 15:47:55,28.25%,42.25%,32.00%,29.00%
2024-11-26 15:47:57,30.25%,32.50%,29.50%,32.25%
2024-11-26 15:47:59,26.50%,25.00%,31.25%,29.00%
2024-11-26 15:48:01,29.25%,39.25%,26.25%,30.00%
2024-11-26 15:48:03,31.00%,25.50%,33.25%,N/A
2024-11-26 15:48:05,36.25%,40.25%,40.00%,37.50%
2024-11-26 15:48:07,32.25%,31.50%,31.25%,30.00%
2024-11-26 15:48:09,32.25%,29.50%,27.25%,28.25%
2024-11-26 15:48:11,23.00%,32.25%,36.00%,32.25%
2024-11-26 15:48:13,29.25%,30.00%,29.25%,30.00%
2024-11-26 15:48:15,39.25%,27.25%,35.00%,25.25%
2024-11-26 15:48:17,32.50%,44.25%,30.25%,29.00%
2024-11-26 15:48:19,17.25%,28.00%,30.25%,22.25%
2024-11-26 15:48:21,38.50%,30.00%,22.25%,33.25%
2024-11-26 15:48:23,29.50%,31.25%,38.00%,36.25%
2024-11-26 15:48:25,31.00%,27.25%,35.00%,44.00%
2024-11-26 15:48:27,N/A,26.25%,32.00%,37.25%
2024-11-26 15:48:29,N/A,34.25%,30.25%,24.25%
2024-11-26 15:48:31,35.50%,42.00%,34.25%,34.25%
2024-11-26 15:48:33,32.50%,33.00%,34.50%,27.25%
2024-11-26 15:48:35,32.25%,26.25%,26.25%,29.25%
2024-11-26 15:48:37,29.25%,37.25%,35.00%,25.25%
2024-11-26 15:48:39,32.25%,32.25%,25.25%,26.25%
2024-11-26 15:48:41,28.00%,35.25%,27.25%,36.25%
2024-11-26 15:48:43,27.25%,35.25%,39.00%,37.25%
2024-11-26 15:48:45,30.25%,33.25%,27.25%,26.25%
2024-11-26 15:48:47,23.25%,26.00%,26.25%,30.25%
2024-11-26 15:48:49,36.25%,37.25%,33.00%,30.25%
2024-11-26 15:48:51,20.25%,31.00%,26.25%,30.25%
2024-11-26 15:48:53,28.00%,35.25%,29.00%,31.25%
2024-11-26 15:48:55,33.25%,32.50%,31.25%,33.25%
2024-11-26 15:48:57,37.25%,30.00%,37.00%,27.00%
2024-11-26 15:48:59,33.25%,30.00%,34.00%,25.25%
2024-11-26 15:49:01,23.00%,N/A,29.25%,48.00%
2024-11-26 15:49:03,31.00%,N/A,25.00%,37.00%
2024-11-26 15:49:05,28.25%,N/A,35.25%,23.50%
2024-11-26 15:49:07,34.00%,N/A,25.00%,32.25%
2024-11-26 15:49:09,23.25%,30.25%,28.25%,34.25%
2024-11-26 15:49:11,28.25%,32.75%,26.00%,34.25%
2024-11-26 15:49:13,15.00%,26.25%,29.25%,26.25%
2024-11-26 15:49:15,29.00%,22.25%,23.00%,28.50%
2024-11-26 15:49:17,24.25%,28.00%,21.50%,27.00%
2024-11-26 15:49:19,27.25%,43.25%,26.00%,35.25%
2024-11-26 15:49:21,16.00%,27.50%,21.25%,22.25%
2024-11-26 15:49:23,30.00%,25.00%,34.00%,31.00%
2024-11-26 15:49:25,36.25%,23.25%,23.00%,36.00%
2024-11-26 15:49:27,26.00%,31.25%,N/A,20.25%
2024-11-26 15:49:30,26.50%,28.00%,N/A,24.00%
2024-11-26 15:49:32,43.25%,24.00%,N/A,21.25%
2024-11-26 15:49:34,25.25%,36.25%,N/A,32.25%
2024-11-26 15:49:36,30.25%,29.25%,N/A,35.00%
2024-11-26 15:49:38,27.25%,29.25%,N/A,32.25%
2024-11-26 15:49:40,26.25%,36.25%,N/A,34.50%
2024-11-26 15:49:42,35.25%,27.25%,N/A,25.25%
2024-11-26 15:49:44,29.25%,32.50%,N/A,33.00%
2024-11-26 15:49:46,33.00%,30.00%,26.25%,29.25%
2024-11-26 15:49:48,32.25%,29.50%,37.00%,34.25%
2024-11-26 15:49:50,31.50%,27.25%,33.00%,19.25%
2024-11-26 15:49:52,39.25%,24.25%,32.00%,33.25%
2024-11-26 15:49:54,30.25%,22.50%,17.25%,30.00%
2024-11-26 15:49:56,23.25%,35.25%,27.00%,37.75%
2024-11-26 15:49:58,32.00%,35.25%,31.25%,32.50%
2024-11-26 15:50:00,36.25%,22.25%,35.00%,23.00%
2024-11-26 15:50:02,31.25%,25.25%,30.25%,30.25%
2024-11-26 15:50:04,34.25%,27.00%,26.25%,18.25%
2024-11-26 15:50:06,30.00%,27.25%,26.25%,29.74%
2024-11-26 15:50:08,27.50%,30.00%,38.00%,31.00%
2024-11-26 15:50:10,36.25%,32.00%,30.00%,31.50%
2024-11-26 15:50:12,25.25%,31.25%,24.00%,37.00%
2024-11-26 15:50:14,32.25%,25.50%,30.25%,34.25%
2024-11-26 15:50:16,18.50%,30.50%,31.00%,34.25%
2024-11-26 15:50:18,26.25%,32.50%,34.00%,30.25%
2024-11-26 15:50:20,31.25%,33.25%,36.00%,34.00%
2024-11-26 15:50:22,26.25%,28.00%,24.00%,33.00%
2024-11-26 15:50:24,35.00%,24.25%,29.00%,31.00%
2024-11-26 15:50:26,24.00%,38.25%,23.25%,24.00%
2024-11-26 15:50:28,36.50%,23.50%,32.25%,39.00%
2024-11-26 15:50:30,28.75%,30.00%,28.00%,28.50%
2024-11-26 15:50:32,31.25%,23.25%,34.25%,25.00%
2024-11-26 15:50:34,28.00%,30.25%,27.25%,30.25%
2024-11-26 15:50:36,27.25%,32.25%,28.00%,26.25%
2024-11-26 15:50:38,17.00%,30.25%,25.50%,31.00%
2024-11-26 15:50:40,26.25%,29.25%,31.50%,42.50%
2024-11-26 15:50:42,38.25%,23.25%,38.00%,23.25%
2024-11-26 15:50:44,23.25%,28.25%,27.25%,39.00%
2024-11-26 15:50:46,46.00%,32.00%,36.25%,21.50%
2024-11-26 15:50:48,28.25%,21.25%,28.00%,35.00%
2024-11-26 15:50:50,33.75%,28.25%,39.00%,27.00%
2024-11-26 15:50:52,28.25%,31.00%,24.25%,22.00%
2024-11-26 15:50:54,20.25%,29.25%,30.00%,34.25%
2024-11-26 15:50:56,37.00%,41.25%,24.50%,33.00%
2024-11-26 15:50:58,24.25%,25.25%,32.00%,32.25%
2024-11-26 15:51:00,35.00%,14.50%,31.50%,36.00%
2024-11-26 15:51:02,32.00%,24.00%,34.00%,29.00%
2024-11-26 15:51:04,31.00%,27.00%,42.50%,41.00%
2024-11-26 15:51:06,33.00%,20.00%,31.25%,24.25%
2024-11-26 15:51:08,25.00%,34.25%,30.00%,37.25%
2024-11-26 15:51:10,37.25%,37.00%,33.50%,34.00%
2024-11-26 15:51:12,34.50%,32.00%,24.00%,23.50%
2024-11-26 15:51:14,31.00%,38.50%,29.00%,24.00%
2024-11-26 15:51:16,33.00%,32.00%,23.00%,40.00%
2024-11-26 15:51:18,27.25%,26.25%,24.00%,35.00%
2024-11-26 15:51:20,38.25%,33.25%,38.00%,25.25%
2024-11-26 15:51:22,25.00%,35.25%,37.25%,35.00%
2024-11-26 15:51:24,35.00%,36.25%,21.00%,33.00%
2024-11-26 15:51:26,40.25%,27.50%,28.25%,34.50%
2024-11-26 15:51:28,23.25%,32.25%,24.25%,33.25%
2024-11-26 15:51:30,22.25%,22.25%,35.00%,35.00%
2024-11-26 15:51:32,35.00%,30.00%,31.25%,29.00%
2024-11-26 15:51:34,28.00%,31.25%,32.00%,33.25%
2024-11-26 15:51:36,38.50%,28.25%,25.25%,25.25%
2024-11-26 15:51:38,30.25%,27.25%,18.25%,27.25%
2024-11-26 15:51:40,29.25%,29.25%,25.25%,35.25%
2024-11-26 15:51:42,25.25%,29.25%,25.00%,N/A
2024-11-26 15:51:44,30.25%,36.00%,23.25%,29.50%
2024-11-26 15:51:46,34.25%,28.25%,29.00%,21.25%
2024-11-26 15:51:48,31.00%,23.25%,27.25%,30.25%
2024-11-26 15:51:50,22.25%,28.25%,28.25%,31.00%
2024-11-26 15:51:52,30.25%,36.00%,20.25%,29.25%
2024-11-26 15:51:54,31.25%,36.25%,31.25%,35.00%
2024-11-26 15:51:56,31.25%,22.50%,33.25%,28.25%
2024-11-26 15:51:58,35.00%,24.00%,24.00%,36.00%
2024-11-26 15:52:00,35.25%,27.25%,26.50%,26.00%
2024-11-26 15:52:02,27.25%,33.25%,23.00%,34.25%
2024-11-26 15:52:04,22.00%,33.50%,32.00%,31.00%
2024-11-26 15:52:06,N/A,35.25%,23.00%,34.25%
2024-11-26 15:52:08,N/A,31.25%,29.25%,46.25%
2024-11-26 15:52:10,26.00%,26.25%,35.00%,31.00%
2024-11-26 15:52:12,33.25%,35.00%,42.25%,36.50%
2024-11-26 15:52:14,27.25%,24.50%,32.00%,37.25%
2024-11-26 15:52:16,29.50%,38.25%,33.25%,29.25%
2024-11-26 15:52:18,27.25%,37.25%,21.00%,36.50%
2024-11-26 15:52:20,30.50%,32.25%,37.25%,30.00%
2024-11-26 15:52:22,25.25%,29.25%,23.00%,27.25%
2024-11-26 15:52:24,35.25%,44.00%,26.25%,35.75%
2024-11-26 15:52:26,28.25%,23.50%,31.00%,36.00%
2024-11-26 15:52:28,29.25%,32.00%,24.25%,24.50%
2024-11-26 15:52:30,31.25%,27.00%,28.25%,26.25%
2024-11-26 15:52:32,32.25%,28.50%,30.25%,37.50%
2024-11-26 15:52:34,31.00%,30.25%,22.25%,31.25%
2024-11-26 15:52:36,30.25%,32.00%,39.50%,22.25%
2024-11-26 15:52:38,29.00%,36.00%,34.25%,36.00%
2024-11-26 15:52:40,29.25%,N/A,26.00%,35.25%
2024-11-26 15:52:42,32.25%,N/A,28.25%,36.25%
2024-11-26 15:52:44,24.25%,N/A,28.25%,21.25%
2024-11-26 15:52:46,25.25%,36.00%,33.50%,39.25%
2024-11-26 15:52:48,31.50%,47.25%,25.00%,29.50%
2024-11-26 15:52:50,23.00%,23.00%,32.00%,35.25%
2024-11-26 15:52:52,28.25%,30.25%,34.25%,30.25%
2024-11-26 15:52:54,30.00%,26.00%,31.50%,20.25%
2024-11-26 15:52:56,34.00%,29.25%,35.25%,24.00%
2024-11-26 15:52:58,31.25%,25.00%,28.00%,36.25%
2024-11-26 15:53:00,25.00%,24.25%,27.50%,24.25%
2024-11-26 15:53:02,39.00%,30.50%,27.00%,34.25%
2024-11-26 15:53:05,37.25%,39.25%,N/A,21.25%
2024-11-26 15:53:07,28.00%,32.00%,N/A,36.00%
2024-11-26 15:53:09,29.25%,41.00%,N/A,27.25%
2024-11-26 15:53:11,25.00%,27.25%,N/A,25.25%
2024-11-26 15:53:13,40.25%,30.25%,N/A,22.00%
2024-11-26 15:53:15,21.00%,24.25%,N/A,36.50%
2024-11-26 15:53:17,26.25%,29.25%,N/A,31.25%
2024-11-26 15:53:19,32.25%,34.50%,N/A,30.25%
2024-11-26 15:53:21,36.00%,25.25%,N/A,33.00%
2024-11-26 15:53:23,30.00%,25.25%,N/A,30.25%
2024-11-26 15:53:25,30.00%,26.25%,28.25%,19.00%
2024-11-26 15:53:27,27.25%,34.00%,38.00%,32.00%
2024-11-26 15:53:29,26.00%,41.50%,17.00%,33.25%
2024-11-26 15:53:31,45.00%,30.00%,29.00%,22.00%
2024-11-26 15:53:33,25.25%,26.50%,26.50%,21.25%
2024-11-26 15:53:35,37.00%,34.50%,25.00%,33.25%
2024-11-26 15:53:37,22.25%,38.50%,37.25%,28.00%
2024-11-26 15:53:39,41.00%,37.25%,32.25%,28.25%
2024-11-26 15:53:41,38.50%,33.25%,25.00%,40.25%
2024-11-26 15:53:43,35.25%,25.00%,33.25%,18.25%
2024-11-26 15:53:45,28.25%,32.00%,36.25%,36.25%
2024-11-26 15:53:47,23.25%,26.25%,33.00%,23.25%
2024-11-26 15:53:49,32.00%,21.00%,37.25%,34.00%
2024-11-26 15:53:51,27.25%,20.25%,29.25%,40.00%
2024-11-26 15:53:53,25.00%,20.00%,28.00%,27.00%
2024-11-26 15:53:55,30.25%,30.25%,31.50%,26.00%
2024-11-26 15:53:57,26.25%,30.50%,31.00%,31.25%
2024-11-26 15:53:59,31.25%,31.00%,30.25%,23.00%
2024-11-26 15:54:01,26.25%,28.25%,28.00%,30.25%
2024-11-26 15:54:03,26.50%,28.25%,23.50%,24.25%
2024-11-26 15:54:05,29.25%,31.25%,37.25%,37.25%
2024-11-26 15:54:07,28.00%,25.25%,37.00%,32.00%
2024-11-26 15:54:09,24.25%,35.25%,30.25%,26.25%
2024-11-26 15:54:11,35.50%,30.25%,32.00%,34.00%
2024-11-26 15:54:13,35.25%,35.25%,24.50%,30.25%
2024-11-26 15:54:15,25.50%,31.25%,24.25%,30.00%
2024-11-26 15:54:17,35.00%,33.25%,42.00%,34.25%
2024-11-26 15:54:19,27.50%,31.00%,27.00%,22.00%
2024-11-26 15:54:21,32.25%,29.50%,31.00%,33.25%
2024-11-26 15:54:23,36.25%,40.00%,23.25%,29.00%
2024-11-26 15:54:25,35.25%,25.00%,32.25%,28.00%
2024-11-26 15:54:27,38.00%,28.00%,22.00%,27.25%
2024-11-26 15:54:29,29.50%,31.00%,27.00%,30.00%
2024-11-26 15:54:31,33.00%,24.50%,23.00%,25.25%
2024-11-26 15:54:33,36.00%,33.25%,28.00%,40.75%
2024-11-26 15:54:35,23.25%,31.25%,33.25%,27.25%
2024-11-26 15:54:37,36.25%,39.25%,29.25%,25.25%
2024-11-26 15:54:39,32.25%,23.25%,46.00%,40.00%
2024-11-26 15:54:41,28.25%,30.25%,30.50%,39.25%
2024-11-26 15:54:43,30.00%,25.25%,27.50%,23.50%
2024-11-26 15:54:45,35.00%,43.25%,30.25%,26.25%
2024-11-26 15:54:47,26.00%,27.25%,21.00%,28.00%
2024-11-26 15:54:49,31.75%,26.00%,33.00%,37.00%
2024-11-26 15:54:51,36.25%,24.25%,33.25%,28.25%
2024-11-26 15:54:53,32.00%,28.50%,24.25%,31.25%
2024-11-26 15:54:55,31.00%,39.00%,30.00%,24.25%
2024-11-26 15:54:57,27.25%,19.00%,34.25%,31.25%
2024-11-26 15:54:59,22.50%,39.25%,32.25%,22.50%
2024-11-26 15:55:01,34.25%,22.00%,26.25%,21.50%
2024-11-26 15:55:03,19.25%,24.50%,32.00%,34.25%
2024-11-26 15:55:05,22.25%,27.25%,25.25%,34.25%
2024-11-26 15:55:07,29.25%,29.00%,26.25%,32.25%
2024-11-26 15:55:09,32.00%,34.25%,32.25%,33.50%
2024-11-26 15:55:11,28.25%,33.00%,37.00%,27.25%
2024-11-26 15:55:13,29.25%,33.25%,31.00%,23.25%
2024-11-26 15:55:15,33.00%,29.25%,24.25%,31.25%
2024-11-26 15:55:17,22.25%,37.25%,30.25%,27.00%
2024-11-26 15:55:19,36.25%,29.25%,47.50%,N/A
2024-11-26 15:55:21,33.25%,28.25%,32.25%,38.25%
2024-11-26 15:55:23,27.00%,20.25%,32.25%,28.50%
2024-11-26 15:55:25,39.50%,25.25%,34.25%,32.50%
2024-11-26 15:55:27,38.25%,39.25%,23.25%,20.00%
2024-11-26 15:55:29,21.00%,26.00%,39.00%,36.25%
2024-11-26 15:55:31,30.25%,30.00%,34.75%,40.25%
2024-11-26 15:55:33,20.25%,24.25%,33.25%,32.25%
2024-11-26 15:55:35,36.25%,31.50%,38.00%,28.25%
2024-11-26 15:55:37,21.25%,36.25%,29.00%,30.25%
2024-11-26 15:55:39,36.50%,29.50%,27.00%,30.25%
2024-11-26 15:55:41,33.00%,32.25%,30.50%,33.25%
2024-11-26 15:55:43,N/A,30.00%,32.25%,35.25%
2024-11-26 15:55:45,N/A,32.25%,23.25%,28.25%
2024-11-26 15:55:47,29.00%,28.25%,33.25%,35.25%
2024-11-26 15:55:49,27.25%,26.25%,25.00%,23.75%
2024-11-26 15:55:51,37.00%,37.00%,34.50%,40.25%
2024-11-26 15:55:53,32.50%,23.25%,30.50%,32.25%
2024-11-26 15:55:55,30.00%,32.25%,32.00%,22.50%
2024-11-26 15:55:57,30.25%,31.00%,28.25%,32.25%
2024-11-26 15:55:59,35.25%,28.25%,18.00%,31.75%
2024-11-26 15:56:01,28.25%,30.00%,36.25%,28.00%
2024-11-26 15:56:03,36.00%,32.25%,32.00%,27.25%
2024-11-26 15:56:05,32.00%,33.25%,30.50%,36.25%
2024-11-26 15:56:07,25.00%,28.00%,39.00%,31.50%
2024-11-26 15:56:09,22.00%,26.00%,41.25%,27.25%
2024-11-26 15:56:11,21.25%,33.00%,27.25%,29.25%
2024-11-26 15:56:13,29.25%,N/A,36.25%,31.50%
2024-11-26 15:56:15,26.25%,N/A,29.00%,24.00%
2024-11-26 15:56:17,36.00%,N/A,26.50%,26.00%
2024-11-26 15:56:19,41.50%,25.00%,28.25%,31.25%
2024-11-26 15:56:21,38.00%,34.25%,34.25%,26.00%
2024-11-26 15:56:23,39.25%,28.25%,29.25%,23.25%
2024-11-26 15:56:25,41.00%,30.25%,37.00%,20.50%
2024-11-26 15:56:27,28.25%,24.25%,26.25%,33.25%
2024-11-26 15:56:29,23.50%,26.00%,40.25%,24.50%
2024-11-26 15:56:31,36.25%,33.00%,39.50%,36.50%
2024-11-26 15:56:33,33.50%,33.00%,40.00%,34.00%
2024-11-26 15:56:35,43.00%,22.25%,26.25%,25.00%
2024-11-26 15:56:37,33.00%,28.50%,N/A,31.00%
2024-11-26 15:56:40,44.25%,38.00%,N/A,35.00%
2024-11-26 15:56:42,29.75%,33.00%,N/A,31.75%
2024-11-26 15:56:44,23.25%,21.00%,N/A,22.00%
2024-11-26 15:56:46,27.00%,37.50%,N/A,26.50%
2024-11-26 15:56:48,26.50%,24.25%,N/A,30.25%
2024-11-26 15:56:50,33.00%,29.00%,N/A,41.25%
2024-11-26 15:56:52,33.50%,26.00%,N/A,33.00%
2024-11-26 15:56:54,30.25%,25.25%,N/A,30.25%
2024-11-26 15:56:56,32.25%,33.25%,N/A,40.74%
2024-11-26 15:56:58,19.50%,30.00%,20.25%,24.25%
2024-11-26 15:57:00,20.50%,34.50%,25.25%,24.25%
2024-11-26 15:57:02,29.25%,29.25%,31.25%,32.25%
2024-11-26 15:57:04,21.25%,35.25%,23.25%,25.25%
2024-11-26 15:57:06,29.00%,30.25%,28.00%,34.50%
2024-11-26 15:57:08,21.50%,34.25%,35.25%,29.25%
2024-11-26 15:57:10,29.25%,34.25%,35.25%,21.00%
2024-11-26 15:57:12,28.25%,35.25%,29.25%,31.50%
2024-11-26 15:57:14,28.25%,24.25%,20.50%,27.25%
2024-11-26 15:57:16,26.00%,23.00%,37.25%,24.00%
2024-11-26 15:57:18,33.25%,24.25%,32.00%,29.75%
2024-11-26 15:57:20,41.25%,31.25%,36.50%,35.00%
2024-11-26 15:57:22,24.25%,34.25%,32.25%,31.25%
2024-11-26 15:57:24,33.25%,43.25%,14.50%,26.50%
2024-11-26 15:57:26,31.25%,24.25%,47.00%,34.00%
2024-11-26 15:57:28,42.00%,34.00%,30.25%,35.50%
2024-11-26 15:57:30,36.00%,24.00%,31.25%,33.25%
2024-11-26 15:57:32,30.00%,34.25%,27.00%,31.25%
2024-11-26 15:57:34,26.00%,22.00%,24.25%,31.00%
2024-11-26 15:57:36,29.25%,17.25%,24.00%,32.25%
2024-11-26 15:57:38,31.25%,35.00%,37.25%,37.25%
2024-11-26 15:57:40,25.50%,38.00%,25.00%,32.25%
2024-11-26 15:57:42,33.00%,36.25%,33.25%,28.00%
2024-11-26 15:57:44,38.25%,33.00%,34.25%,31.25%
2024-11-26 15:57:46,29.50%,42.25%,31.50%,26.25%
2024-11-26 15:57:48,37.00%,23.25%,22.50%,32.25%
2024-11-26 15:57:50,37.25%,24.00%,30.25%,38.00%
2024-11-26 15:57:52,33.00%,32.25%,27.25%,23.50%
2024-11-26 15:57:54,28.25%,35.25%,26.25%,32.25%
2024-11-26 15:57:56,44.25%,32.25%,33.00%,35.00%
2024-11-26 15:57:58,38.25%,28.74%,30.25%,26.50%
2024-11-26 15:58:00,30.50%,25.25%,28.25%,24.00%
2024-11-26 15:58:02,30.25%,28.50%,26.25%,39.50%
2024-11-26 15:58:04,43.25%,27.25%,27.25%,24.25%
2024-11-26 15:58:06,30.25%,31.00%,28.25%,31.50%
2024-11-26 15:58:08,38.25%,24.00%,34.50%,26.50%
2024-11-26 15:58:10,24.00%,27.25%,24.00%,33.25%
2024-11-26 15:58:12,29.50%,29.00%,27.25%,32.25%
2024-11-26 15:58:14,24.25%,30.00%,35.25%,23.25%
2024-11-26 15:58:16,37.25%,29.25%,35.50%,31.25%
2024-11-26 15:58:18,34.25%,35.25%,22.00%,34.00%
2024-11-26 15:58:20,36.00%,18.00%,32.25%,30.25%
2024-11-26 15:58:22,32.25%,25.25%,26.25%,31.25%
2024-11-26 15:58:24,26.50%,41.25%,22.25%,23.00%
2024-11-26 15:58:26,22.00%,35.00%,29.50%,34.50%
2024-11-26 15:58:28,27.25%,25.25%,26.25%,27.00%
2024-11-26 15:58:30,32.25%,36.00%,28.00%,30.25%
2024-11-26 15:58:32,23.00%,22.25%,41.25%,36.25%
2024-11-26 15:58:34,32.25%,33.25%,27.50%,32.25%
2024-11-26 15:58:36,33.25%,29.25%,36.25%,32.50%
2024-11-26 15:58:38,37.25%,25.00%,27.25%,38.25%
2024-11-26 15:58:40,36.00%,35.25%,25.00%,35.00%
2024-11-26 15:58:42,34.00%,18.25%,24.25%,24.25%
2024-11-26 15:58:44,27.00%,32.50%,38.00%,33.50%
2024-11-26 15:58:46,30.25%,33.25%,38.25%,35.25%
2024-11-26 15:58:48,36.00%,31.00%,42.00%,29.00%
2024-11-26 15:58:50,33.25%,33.00%,21.25%,32.25%
2024-11-26 15:58:52,28.25%,29.00%,28.25%,23.00%
2024-11-26 15:58:54,27.50%,35.25%,33.50%,N/A
2024-11-26 15:58:56,19.25%,33.25%,37.00%,25.50%
2024-11-26 15:58:58,31.50%,34.00%,24.25%,35.25%
2024-11-26 15:59:00,35.00%,33.25%,31.25%,30.25%
2024-11-26 15:59:02,32.25%,29.50%,32.25%,22.00%
2024-11-26 15:59:04,30.50%,39.00%,27.00%,42.50%
2024-11-26 15:59:06,25.50%,32.25%,25.00%,27.00%
2024-11-26 15:59:08,32.25%,37.00%,45.00%,34.50%
2024-11-26 15:59:10,22.50%,37.25%,23.25%,33.25%
2024-11-26 15:59:12,30.50%,35.25%,25.75%,37.50%
2024-11-26 15:59:14,27.00%,27.25%,30.25%,36.25%
2024-11-26 15:59:16,33.25%,47.00%,23.25%,28.00%
2024-11-26 15:59:18,N/A,30.00%,37.00%,23.25%
2024-11-26 15:59:20,N/A,28.00%,38.25%,36.50%
2024-11-26 15:59:22,31.25%,25.25%,31.25%,27.50%
2024-11-26 15:59:24,31.00%,26.25%,34.00%,34.25%
2024-11-26 15:59:26,32.25%,35.25%,38.25%,32.00%
2024-11-26 15:59:28,29.25%,30.25%,37.25%,25.25%
2024-11-26 15:59:30,32.00%,26.00%,25.00%,33.25%
2024-11-26 15:59:32,27.50%,26.25%,34.25%,38.50%
2024-11-26 15:59:34,33.25%,38.25%,35.00%,26.25%
2024-11-26 15:59:36,31.50%,25.00%,31.25%,28.00%
2024-11-26 15:59:38,25.25%,29.00%,31.00%,29.25%
2024-11-26 15:59:40,31.25%,31.25%,25.00%,26.25%
2024-11-26 15:59:42,25.25%,23.25%,28.75%,37.25%
2024-11-26 15:59:44,32.25%,32.25%,34.25%,38.25%
2024-11-26 15:59:46,23.25%,27.25%,28.25%,27.25%
2024-11-26 15:59:48,18.75%,37.25%,33.25%,17.25%
2024-11-26 15:59:50,29.25%,23.00%,25.25%,36.25%
2024-11-26 15:59:52,28.50%,20.25%,33.50%,21.00%
2024-11-26 15:59:54,25.25%,N/A,21.25%,30.00%
2024-11-26 15:59:56,31.00%,N/A,23.25%,22.25%
2024-11-26 15:59:58,24.25%,N/A,27.00%,38.50%
2024-11-26 16:00:00,29.25%,34.00%,26.00%,25.25%
2024-11-26 16:00:02,32.25%,37.50%,28.00%,27.00%
2024-11-26 16:00:04,34.25%,23.25%,30.25%,25.00%
2024-11-26 16:00:06,36.25%,32.25%,21.25%,27.50%
2024-11-26 16:00:08,35.25%,28.00%,35.50%,14.50%
2024-11-26 16:00:10,24.75%,29.25%,29.00%,23.25%
2024-11-26 16:00:12,37.00%,28.50%,29.00%,29.00%
2024-11-26 16:00:14,31.50%,38.00%,35.25%,37.00%
2024-11-26 16:00:16,28.25%,30.00%,26.25%,25.25%
2024-11-26 16:00:18,34.50%,26.25%,26.00%,16.25%
2024-11-26 16:00:20,29.25%,29.25%,19.00%,26.25%
2024-11-26 16:00:23,26.00%,25.25%,N/A,27.25%
2024-11-26 16:00:25,31.50%,29.25%,N/A,21.00%
2024-11-26 16:00:27,25.50%,25.25%,N/A,25.25%
2024-11-26 16:00:29,30.25%,26.25%,N/A,37.00%
2024-11-26 16:00:31,32.00%,32.00%,N/A,30.25%
2024-11-26 16:00:33,23.50%,35.25%,N/A,40.25%
2024-11-26 16:00:35,28.25%,32.00%,N/A,30.50%
2024-11-26 16:00:37,33.25%,19.25%,N/A,27.50%
2024-11-26 16:00:39,27.25%,29.25%,N/A,23.50%
2024-11-26 16:00:41,21.25%,38.00%,N/A,28.50%
2024-11-26 16:00:43,36.25%,25.25%,29.25%,33.50%
2024-11-26 16:00:45,40.25%,20.00%,26.25%,29.25%
2024-11-26 16:00:47,31.25%,32.25%,38.00%,23.25%
2024-11-26 16:00:49,35.50%,23.25%,28.25%,38.00%
2024-11-26 16:00:51,36.00%,37.00%,26.25%,23.25%
2024-11-26 16:00:53,29.25%,20.25%,21.00%,37.25%
2024-11-26 16:00:55,20.25%,34.25%,37.25%,31.00%
2024-11-26 16:00:57,32.50%,30.00%,31.50%,35.25%
2024-11-26 16:00:59,32.00%,33.00%,25.00%,28.25%
2024-11-26 16:01:01,33.25%,40.25%,30.25%,37.25%
2024-11-26 16:01:03,20.00%,24.25%,24.50%,35.00%
2024-11-26 16:01:05,30.25%,40.25%,34.00%,31.00%
2024-11-26 16:01:07,34.00%,23.00%,29.50%,31.25%
2024-11-26 16:01:09,38.25%,27.25%,28.25%,27.25%
2024-11-26 16:01:11,23.25%,26.50%,24.00%,31.25%
2024-11-26 16:01:13,28.00%,33.25%,32.25%,30.50%
2024-11-26 16:01:15,41.50%,29.00%,32.25%,29.25%
2024-11-26 16:01:17,24.50%,26.25%,25.00%,43.25%
2024-11-26 16:01:19,25.50%,26.25%,25.75%,26.25%
2024-11-26 16:01:21,31.00%,29.25%,25.00%,37.00%
2024-11-26 16:01:23,27.25%,33.25%,38.25%,24.25%
2024-11-26 16:01:25,40.25%,37.25%,29.25%,27.00%
2024-11-26 16:01:27,27.25%,32.25%,35.50%,27.25%
2024-11-26 16:01:29,25.25%,47.00%,37.00%,30.00%
2024-11-26 16:01:31,23.25%,29.00%,25.50%,32.25%
2024-11-26 16:01:33,31.00%,30.25%,31.25%,26.25%
2024-11-26 16:01:35,26.25%,28.00%,37.00%,25.00%
2024-11-26 16:01:37,32.25%,30.25%,40.25%,30.25%
2024-11-26 16:01:39,20.25%,32.50%,32.25%,32.25%
2024-11-26 16:01:41,22.25%,33.00%,29.25%,35.25%
2024-11-26 16:01:43,26.00%,37.25%,25.50%,25.00%
2024-11-26 16:01:45,26.25%,33.25%,34.25%,22.25%
2024-11-26 16:01:47,33.50%,30.25%,24.25%,34.50%
2024-11-26 16:01:49,34.00%,23.00%,36.00%,29.00%
2024-11-26 16:01:51,25.00%,33.00%,34.25%,30.25%
2024-11-26 16:01:53,34.50%,30.25%,32.75%,26.25%
2024-11-26 16:01:55,33.25%,26.25%,34.00%,29.25%
2024-11-26 16:01:57,26.25%,30.25%,46.00%,37.00%
2024-11-26 16:01:59,29.50%,26.50%,34.25%,27.25%
2024-11-26 16:02:01,36.25%,38.00%,31.25%,29.00%
2024-11-26 16:02:03,27.25%,23.25%,31.25%,33.50%
2024-11-26 16:02:05,35.00%,29.25%,23.25%,31.25%
2024-11-26 16:02:07,25.00%,26.00%,18.25%,30.25%
2024-11-26 16:02:09,18.25%,31.25%,36.25%,34.00%
2024-11-26 16:02:11,37.25%,23.50%,39.50%,37.25%
2024-11-26 16:02:13,31.25%,38.25%,29.00%,23.50%
2024-11-26 16:02:15,31.25%,31.25%,22.00%,36.00%
2024-11-26 16:02:17,23.00%,47.00%,27.25%,23.25%
2024-11-26 16:02:19,35.25%,47.25%,29.25%,29.25%
2024-11-26 16:02:21,28.25%,33.25%,29.00%,36.25%
2024-11-26 16:02:23,29.25%,23.25%,28.25%,34.25%
2024-11-26 16:02:25,33.50%,23.25%,45.00%,38.50%
2024-11-26 16:02:27,28.25%,30.50%,42.25%,33.25%
2024-11-26 16:02:29,26.00%,26.00%,18.50%,23.00%
2024-11-26 16:02:31,37.25%,40.25%,34.25%,28.00%
2024-11-26 16:02:33,32.25%,30.25%,28.00%,30.25%
2024-11-26 16:02:35,37.00%,39.25%,37.50%,27.50%
2024-11-26 16:02:37,26.00%,27.25%,32.00%,27.00%
2024-11-26 16:02:39,27.00%,34.00%,33.25%,38.00%
2024-11-26 16:02:41,30.25%,31.25%,24.25%,N/A
2024-11-26 16:02:43,34.00%,39.25%,38.25%,22.50%
2024-11-26 16:02:45,30.25%,30.00%,28.25%,26.50%
2024-11-26 16:02:47,31.25%,19.25%,31.00%,34.50%
2024-11-26 16:02:49,34.00%,24.25%,29.25%,32.25%
2024-11-26 16:02:51,39.25%,47.25%,24.00%,20.00%
2024-11-26 16:02:53,21.00%,21.50%,30.25%,27.25%
2024-11-26 16:02:55,27.25%,36.00%,27.74%,29.50%
2024-11-26 16:02:57,32.00%,28.00%,24.00%,29.25%
2024-11-26 16:02:59,20.00%,31.25%,25.00%,20.00%
2024-11-26 16:03:01,27.50%,34.00%,32.25%,33.00%
2024-11-26 16:03:03,30.25%,29.25%,24.50%,38.00%
2024-11-26 16:03:05,24.25%,29.25%,28.00%,29.25%
2024-11-26 16:03:07,N/A,22.25%,25.25%,29.25%
2024-11-26 16:03:09,N/A,40.25%,21.25%,22.50%
2024-11-26 16:03:11,36.50%,21.25%,32.25%,31.00%
2024-11-26 16:03:13,32.00%,35.25%,36.25%,28.50%
2024-11-26 16:03:15,32.25%,29.25%,44.25%,31.75%
2024-11-26 16:03:17,35.25%,34.00%,30.00%,27.25%
2024-11-26 16:03:19,44.25%,28.00%,23.00%,42.25%
2024-11-26 16:03:21,36.00%,30.00%,37.00%,27.25%
2024-11-26 16:03:23,23.00%,27.25%,31.25%,30.00%
2024-11-26 16:03:25,27.25%,48.25%,28.25%,31.25%
2024-11-26 16:03:27,32.00%,33.50%,31.25%,29.25%
2024-11-26 16:03:29,38.25%,37.00%,31.00%,29.00%
2024-11-26 16:03:31,30.25%,30.50%,31.50%,35.25%
2024-11-26 16:03:33,30.25%,24.00%,27.00%,26.50%
2024-11-26 16:03:35,23.00%,27.50%,31.25%,29.50%
2024-11-26 16:03:37,33.25%,37.00%,25.00%,27.25%
2024-11-26 16:03:39,29.50%,27.50%,28.25%,29.00%
2024-11-26 16:03:41,26.00%,34.25%,28.25%,31.25%
2024-11-26 16:03:43,24.25%,N/A,31.25%,25.25%
2024-11-26 16:03:45,27.25%,N/A,32.00%,27.25%
2024-11-26 16:03:47,31.00%,37.00%,31.25%,31.00%
2024-11-26 16:03:49,37.00%,38.25%,32.25%,36.25%
2024-11-26 16:03:51,31.50%,39.00%,27.25%,38.25%
2024-11-26 16:03:53,23.00%,27.00%,34.25%,18.25%
2024-11-26 16:03:55,27.00%,30.00%,42.00%,38.25%
2024-11-26 16:03:57,29.25%,26.00%,29.25%,23.00%
2024-11-26 16:03:59,30.50%,25.25%,31.00%,21.50%
2024-11-26 16:04:01,40.25%,36.00%,24.50%,22.25%
2024-11-26 16:04:03,26.25%,28.00%,36.00%,26.50%
2024-11-26 16:04:05,30.25%,28.25%,36.25%,36.50%
2024-11-26 16:04:07,21.00%,26.25%,N/A,34.25%
2024-11-26 16:04:10,27.00%,33.50%,N/A,36.00%
2024-11-26 16:04:12,37.50%,27.00%,N/A,24.25%
2024-11-26 16:04:14,38.00%,27.25%,N/A,28.25%
2024-11-26 16:04:16,28.25%,30.25%,N/A,32.00%
2024-11-26 16:04:18,28.50%,27.25%,N/A,29.25%
2024-11-26 16:04:20,28.25%,29.00%,N/A,22.25%
2024-11-26 16:04:22,33.25%,25.25%,N/A,29.00%
2024-11-26 16:04:24,35.00%,30.00%,N/A,33.25%
2024-11-26 16:04:26,26.00%,41.00%,28.00%,34.00%
2024-11-26 16:04:28,23.25%,28.25%,43.50%,32.25%
2024-11-26 16:04:30,33.50%,24.00%,32.25%,34.00%
2024-11-26 16:04:32,32.50%,34.25%,27.00%,26.25%
2024-11-26 16:04:34,30.00%,28.00%,26.00%,25.00%
2024-11-26 16:04:36,36.25%,27.25%,28.00%,45.50%
2024-11-26 16:04:38,31.25%,32.25%,25.00%,25.50%
2024-11-26 16:04:40,35.00%,27.00%,39.25%,30.00%
2024-11-26 16:04:42,38.50%,34.25%,22.25%,20.25%
2024-11-26 16:04:44,28.00%,32.25%,36.50%,33.25%
2024-11-26 16:04:46,31.25%,22.25%,20.25%,28.25%
2024-11-26 16:04:48,30.25%,34.25%,27.00%,32.00%
2024-11-26 16:04:50,31.00%,34.25%,29.50%,36.25%
2024-11-26 16:04:52,41.25%,19.00%,30.25%,29.25%
2024-11-26 16:04:54,35.25%,27.25%,33.25%,29.00%
2024-11-26 16:04:56,20.25%,24.25%,34.25%,26.25%
2024-11-26 16:04:58,21.00%,33.25%,32.00%,29.00%
2024-11-26 16:05:00,41.25%,28.25%,28.50%,36.25%
2024-11-26 16:05:02,42.00%,35.00%,38.00%,30.25%
2024-11-26 16:05:04,29.25%,32.50%,27.25%,29.25%
2024-11-26 16:05:06,31.25%,23.00%,40.00%,41.25%
2024-11-26 16:05:08,38.00%,33.50%,31.00%,31.00%
2024-11-26 16:05:10,34.00%,35.25%,32.25%,30.25%
2024-11-26 16:05:12,24.50%,27.00%,33.00%,29.25%
2024-11-26 16:05:14,25.00%,33.25%,23.50%,33.25%
2024-11-26 16:05:16,31.50%,36.50%,35.00%,27.25%
2024-11-26 16:05:18,26.50%,27.00%,36.00%,34.25%
2024-11-26 16:05:20,32.25%,19.25%,25.25%,26.25%
2024-11-26 16:05:22,38.25%,32.00%,31.00%,32.00%
2024-11-26 16:05:24,28.25%,35.50%,22.00%,28.50%
2024-11-26 16:05:26,30.50%,22.00%,22.50%,15.25%
2024-11-26 16:05:28,24.00%,25.25%,24.25%,33.25%
2024-11-26 16:05:30,23.25%,28.25%,24.00%,30.50%
2024-11-26 16:05:32,27.00%,28.00%,28.50%,22.25%
2024-11-26 16:05:34,16.25%,32.00%,33.00%,34.00%
2024-11-26 16:05:36,36.50%,29.25%,32.25%,27.00%
2024-11-26 16:05:38,26.25%,40.50%,30.25%,32.25%
2024-11-26 16:05:40,33.00%,27.00%,32.25%,33.50%
2024-11-26 16:05:42,33.50%,18.25%,31.25%,28.00%
2024-11-26 16:05:44,17.00%,27.50%,29.25%,28.25%
2024-11-26 16:05:46,26.00%,30.25%,32.00%,25.00%
2024-11-26 16:05:48,36.00%,26.25%,27.50%,24.25%
2024-11-26 16:05:50,30.25%,38.00%,27.25%,24.00%
2024-11-26 16:05:52,21.50%,29.25%,24.25%,24.50%
2024-11-26 16:05:54,24.25%,27.00%,23.00%,28.25%
2024-11-26 16:05:56,32.00%,36.00%,37.25%,25.25%
2024-11-26 16:05:58,20.25%,27.00%,26.25%,22.50%
2024-11-26 16:06:00,22.00%,26.25%,32.00%,35.25%
2024-11-26 16:06:02,31.25%,25.00%,31.25%,36.50%
2024-11-26 16:06:04,31.00%,40.25%,31.25%,36.00%
2024-11-26 16:06:06,35.25%,38.00%,32.00%,27.00%
2024-11-26 16:06:08,33.25%,28.00%,30.25%,33.50%
2024-11-26 16:06:10,28.00%,39.00%,21.25%,23.25%
2024-11-26 16:06:12,22.00%,28.25%,28.00%,28.25%
2024-11-26 16:06:14,35.25%,34.00%,33.25%,30.25%
2024-11-26 16:06:16,31.25%,30.25%,30.25%,34.00%
2024-11-26 16:06:18,33.25%,30.00%,34.74%,34.25%
2024-11-26 16:06:20,27.25%,21.00%,25.25%,33.00%
2024-11-26 16:06:22,17.25%,32.00%,26.25%,N/A
2024-11-26 16:06:24,29.25%,31.25%,20.25%,39.25%
2024-11-26 16:06:26,22.50%,33.50%,20.25%,21.00%
2024-11-26 16:06:28,37.25%,27.00%,29.25%,26.00%
2024-11-26 16:06:30,18.25%,26.00%,20.50%,24.25%
2024-11-26 16:06:32,27.50%,25.25%,30.25%,41.00%
2024-11-26 16:06:34,27.25%,36.50%,27.25%,35.25%
2024-11-26 16:06:36,23.50%,29.25%,29.25%,34.25%
2024-11-26 16:06:38,30.25%,29.00%,39.00%,30.25%
2024-11-26 16:06:40,28.50%,32.25%,32.25%,29.25%
2024-11-26 16:06:42,34.25%,26.25%,27.00%,31.00%
2024-11-26 16:06:44,28.00%,32.50%,26.25%,41.25%
2024-11-26 16:06:46,34.50%,24.00%,31.50%,26.50%
2024-11-26 16:06:48,N/A,28.25%,27.25%,26.25%
2024-11-26 16:06:50,N/A,32.00%,33.00%,28.25%
2024-11-26 16:06:52,32.25%,32.25%,37.25%,27.00%
2024-11-26 16:06:54,29.00%,36.00%,35.25%,40.25%
2024-11-26 16:06:56,30.50%,24.25%,39.50%,28.25%
2024-11-26 16:06:58,30.00%,29.00%,28.00%,24.00%
2024-11-26 16:07:00,27.25%,28.25%,33.00%,20.00%
2024-11-26 16:07:02,30.25%,29.25%,39.00%,27.50%
2024-11-26 16:07:04,33.25%,27.50%,36.25%,23.25%
2024-11-26 16:07:06,26.00%,25.25%,33.00%,27.25%
2024-11-26 16:07:08,29.25%,25.00%,33.50%,40.25%
2024-11-26 16:07:10,24.25%,38.25%,25.00%,36.25%
2024-11-26 16:07:12,31.50%,31.50%,26.00%,32.00%
2024-11-26 16:07:14,29.50%,25.25%,23.25%,37.25%
2024-11-26 16:07:16,42.25%,34.25%,25.25%,27.50%
2024-11-26 16:07:18,26.50%,24.25%,34.50%,37.25%
2024-11-26 16:07:20,34.50%,24.00%,27.00%,25.00%
2024-11-26 16:07:22,43.25%,N/A,38.25%,36.25%
2024-11-26 16:07:24,26.25%,N/A,27.50%,26.50%
2024-11-26 16:07:26,24.25%,N/A,31.25%,31.00%
2024-11-26 16:07:28,32.25%,35.75%,35.25%,24.00%
2024-11-26 16:07:30,37.25%,37.25%,26.00%,35.25%
2024-11-26 16:07:32,31.00%,29.25%,22.00%,35.25%
2024-11-26 16:07:34,34.50%,28.25%,27.00%,31.25%
2024-11-26 16:07:36,37.50%,33.25%,20.00%,23.00%
2024-11-26 16:07:38,35.00%,34.25%,30.50%,30.50%
2024-11-26 16:07:40,24.25%,30.50%,32.25%,35.25%
2024-11-26 16:07:42,36.00%,30.25%,27.25%,33.00%
2024-11-26 16:07:44,45.25%,26.25%,29.00%,21.50%
2024-11-26 16:07:46,38.50%,34.25%,33.25%,26.00%
2024-11-26 16:07:48,32.50%,36.25%,N/A,29.25%
2024-11-26 16:07:51,20.00%,43.25%,N/A,31.25%
2024-11-26 16:07:53,26.00%,28.25%,N/A,34.25%
2024-11-26 16:07:55,33.50%,35.25%,N/A,23.00%
2024-11-26 16:07:57,31.00%,24.00%,N/A,30.00%
2024-11-26 16:07:59,27.25%,15.25%,N/A,40.00%
2024-11-26 16:08:01,35.00%,37.25%,N/A,38.25%
2024-11-26 16:08:03,26.25%,33.25%,N/A,26.00%
2024-11-26 16:08:05,29.50%,21.50%,N/A,21.50%
2024-11-26 16:08:07,26.00%,16.00%,N/A,28.00%
2024-11-26 16:08:09,22.00%,22.00%,37.25%,30.25%
2024-11-26 16:08:11,28.25%,32.25%,26.00%,35.00%
2024-11-26 16:08:13,27.25%,30.50%,33.25%,25.50%
2024-11-26 16:08:15,24.25%,26.25%,25.25%,33.25%
2024-11-26 16:08:17,34.25%,30.00%,36.25%,29.50%
2024-11-26 16:08:19,31.25%,38.00%,32.00%,39.00%
2024-11-26 16:08:21,23.50%,21.50%,39.25%,31.25%
2024-11-26 16:08:23,25.00%,28.25%,29.25%,24.25%
2024-11-26 16:08:25,29.50%,33.25%,41.25%,23.00%
2024-11-26 16:08:27,32.74%,34.25%,30.25%,30.50%
2024-11-26 16:08:29,34.25%,28.00%,28.00%,32.00%
2024-11-26 16:08:31,31.25%,32.50%,33.25%,35.50%
2024-11-26 16:08:33,26.25%,24.25%,29.25%,37.25%
2024-11-26 16:08:35,29.25%,33.25%,35.25%,36.25%
2024-11-26 16:08:37,29.00%,38.25%,34.00%,28.00%
2024-11-26 16:08:39,39.25%,34.25%,30.25%,24.50%
2024-11-26 16:08:41,25.25%,31.25%,29.00%,35.25%
2024-11-26 16:08:43,30.25%,29.00%,34.00%,35.25%
2024-11-26 16:08:45,30.25%,34.00%,26.25%,35.50%
2024-11-26 16:08:47,33.25%,24.00%,35.25%,24.25%
2024-11-26 16:08:49,37.00%,34.00%,35.25%,37.50%
2024-11-26 16:08:51,24.25%,18.25%,24.00%,47.25%
2024-11-26 16:08:53,32.25%,36.00%,19.00%,23.50%
2024-11-26 16:08:55,36.25%,44.25%,25.25%,31.74%
2024-11-26 16:08:57,29.25%,14.00%,33.25%,21.50%
2024-11-26 16:08:59,32.00%,32.25%,27.00%,25.00%
2024-11-26 16:09:01,26.25%,29.25%,27.25%,38.00%
2024-11-26 16:09:03,22.00%,28.00%,30.25%,29.00%
2024-11-26 16:09:05,27.25%,32.25%,24.50%,31.25%
2024-11-26 16:09:07,33.00%,22.00%,31.25%,33.00%
2024-11-26 16:09:09,32.25%,37.25%,35.50%,29.50%
2024-11-26 16:09:11,33.50%,26.25%,35.25%,34.25%
2024-11-26 16:09:13,21.25%,22.25%,29.00%,36.25%
2024-11-26 16:09:15,18.25%,33.25%,23.25%,36.50%
2024-11-26 16:09:17,27.50%,30.00%,30.50%,24.00%
2024-11-26 16:09:19,30.00%,23.00%,29.00%,31.25%
2024-11-26 16:09:21,31.25%,20.00%,26.00%,35.00%
2024-11-26 16:09:23,40.00%,29.00%,25.25%,34.25%
2024-11-26 16:09:25,37.25%,28.25%,27.25%,34.25%
2024-11-26 16:09:27,31.25%,27.25%,26.25%,29.00%
2024-11-26 16:09:29,32.25%,46.25%,26.00%,36.50%
2024-11-26 16:09:31,28.00%,29.00%,28.00%,22.00%
2024-11-26 16:09:33,30.25%,34.25%,24.25%,32.74%
2024-11-26 16:09:35,30.25%,38.00%,27.00%,22.25%
2024-11-26 16:09:37,42.00%,35.25%,34.25%,26.25%
2024-11-26 16:09:39,28.25%,28.50%,31.00%,28.25%
2024-11-26 16:09:41,38.25%,37.00%,39.00%,30.00%
2024-11-26 16:09:43,22.00%,23.00%,30.25%,30.50%
2024-11-26 16:09:45,26.50%,32.25%,33.00%,35.00%
2024-11-26 16:09:47,31.00%,28.25%,39.00%,30.25%
2024-11-26 16:09:49,38.25%,31.25%,31.25%,22.25%
2024-11-26 16:09:51,30.25%,31.25%,26.00%,27.00%
2024-11-26 16:09:53,25.50%,22.25%,35.00%,35.25%
2024-11-26 16:09:55,31.50%,29.00%,44.25%,42.00%
2024-11-26 16:09:57,34.75%,30.25%,23.25%,34.25%
2024-11-26 16:09:59,26.25%,28.25%,26.00%,30.00%
2024-11-26 16:10:01,32.50%,38.00%,28.25%,N/A
2024-11-26 16:10:03,27.25%,30.25%,33.50%,N/A
2024-11-26 16:10:05,25.25%,29.25%,14.25%,33.25%
2024-11-26 16:10:07,25.00%,25.25%,21.25%,35.25%
2024-11-26 16:10:09,29.00%,28.25%,22.25%,24.25%
2024-11-26 16:10:11,18.00%,28.00%,30.25%,27.00%
2024-11-26 16:10:13,32.50%,30.00%,25.25%,32.25%
2024-11-26 16:10:15,37.25%,40.00%,38.75%,29.25%
2024-11-26 16:10:17,33.25%,34.50%,23.00%,29.50%
2024-11-26 16:10:19,18.50%,26.00%,41.25%,25.25%
2024-11-26 16:10:21,21.25%,30.25%,32.25%,31.50%
2024-11-26 16:10:23,25.00%,46.00%,20.25%,25.25%
2024-11-26 16:10:25,N/A,25.00%,28.00%,22.50%
2024-11-26 16:10:27,N/A,24.25%,28.00%,51.25%
2024-11-26 16:10:29,34.00%,29.00%,26.25%,30.25%
2024-11-26 16:10:31,21.25%,38.25%,21.00%,27.25%
2024-11-26 16:10:33,40.00%,29.25%,36.50%,30.25%
2024-11-26 16:10:35,27.25%,31.00%,24.00%,20.25%
2024-11-26 16:10:37,25.50%,37.00%,27.50%,34.50%
2024-11-26 16:10:39,26.25%,29.25%,34.25%,32.25%
2024-11-26 16:10:41,24.50%,36.25%,32.25%,41.25%
2024-11-26 16:10:43,39.25%,29.00%,26.25%,39.00%
2024-11-26 16:10:45,36.25%,37.25%,34.25%,35.25%
2024-11-26 16:10:47,36.00%,29.50%,26.25%,26.25%
2024-11-26 16:10:49,37.50%,31.25%,24.50%,24.25%
2024-11-26 16:10:51,28.00%,34.25%,32.25%,20.25%
2024-11-26 16:10:53,33.00%,31.00%,35.25%,26.25%
2024-11-26 16:10:55,23.50%,29.25%,25.00%,35.00%
2024-11-26 16:10:57,25.25%,36.00%,37.00%,31.25%
2024-11-26 16:10:59,26.25%,N/A,31.50%,30.25%
2024-11-26 16:11:01,38.00%,N/A,18.25%,27.50%
2024-11-26 16:11:03,37.00%,N/A,34.25%,28.25%
2024-11-26 16:11:05,27.25%,30.00%,33.25%,36.00%
2024-11-26 16:11:07,22.25%,23.00%,26.25%,27.00%
2024-11-26 16:11:09,21.00%,31.25%,32.50%,30.25%
2024-11-26 16:11:11,25.25%,30.25%,27.25%,35.25%
2024-11-26 16:11:13,38.50%,27.00%,31.25%,32.25%
2024-11-26 16:11:15,28.00%,29.00%,28.50%,27.00%
2024-11-26 16:11:17,27.00%,27.50%,33.00%,28.25%
2024-11-26 16:11:19,30.25%,33.25%,34.25%,25.25%
2024-11-26 16:11:21,33.25%,31.00%,29.25%,25.25%
2024-11-26 16:11:23,39.50%,32.25%,28.25%,25.00%
2024-11-26 16:11:25,34.50%,29.00%,N/A,26.25%
2024-11-26 16:11:28,31.25%,32.25%,N/A,32.00%
2024-11-26 16:11:30,22.25%,28.50%,N/A,32.00%
2024-11-26 16:11:32,32.00%,30.00%,N/A,38.00%
2024-11-26 16:11:34,37.00%,24.25%,N/A,27.50%
2024-11-26 16:11:36,33.50%,25.50%,N/A,25.25%
2024-11-26 16:11:38,32.50%,26.25%,N/A,25.25%
2024-11-26 16:11:40,38.25%,31.25%,N/A,33.25%
2024-11-26 16:11:42,24.25%,38.25%,N/A,28.00%
2024-11-26 16:11:44,28.25%,23.25%,N/A,29.25%
2024-11-26 16:11:46,43.25%,29.00%,40.25%,22.50%
2024-11-26 16:11:48,29.25%,36.25%,28.00%,26.74%
2024-11-26 16:11:50,28.25%,38.00%,33.25%,27.25%
2024-11-26 16:11:52,33.50%,21.00%,35.00%,34.25%
2024-11-26 16:11:54,28.25%,36.25%,23.00%,29.25%
2024-11-26 16:11:56,27.00%,27.00%,32.50%,29.00%
2024-11-26 16:11:58,18.50%,21.00%,26.25%,26.25%
2024-11-26 16:12:00,30.00%,30.50%,22.50%,29.50%
2024-11-26 16:12:02,30.25%,34.25%,31.00%,30.25%
2024-11-26 16:12:04,39.74%,22.50%,16.25%,25.25%
2024-11-26 16:12:06,35.25%,40.25%,26.25%,12.25%
2024-11-26 16:12:08,29.00%,23.25%,29.25%,23.25%
2024-11-26 16:12:10,28.74%,26.00%,32.25%,21.25%
2024-11-26 16:12:12,36.00%,26.00%,35.00%,27.50%
2024-11-26 16:12:14,31.00%,27.25%,38.00%,37.25%
2024-11-26 16:12:16,33.25%,28.25%,35.00%,29.00%
2024-11-26 16:12:18,29.25%,43.00%,35.50%,32.50%
2024-11-26 16:12:20,25.25%,26.25%,30.00%,29.25%
2024-11-26 16:12:22,33.00%,35.50%,33.25%,28.25%
2024-11-26 16:12:24,28.25%,41.25%,28.25%,22.25%
2024-11-26 16:12:26,29.25%,32.00%,42.25%,27.00%
2024-11-26 16:12:28,28.25%,29.25%,30.25%,30.25%
2024-11-26 16:12:30,36.00%,32.25%,33.25%,32.50%
2024-11-26 16:12:32,39.00%,33.25%,41.25%,36.00%
2024-11-26 16:12:34,22.25%,23.25%,26.50%,30.25%
2024-11-26 16:12:36,31.00%,22.25%,33.50%,34.25%
2024-11-26 16:12:38,28.50%,33.00%,31.25%,42.25%
2024-11-26 16:12:40,45.50%,32.25%,20.00%,28.50%
2024-11-26 16:12:42,39.25%,35.00%,21.25%,28.50%
2024-11-26 16:12:44,29.25%,30.25%,37.25%,33.00%
2024-11-26 16:12:46,26.25%,27.00%,23.25%,25.50%
2024-11-26 16:12:48,27.25%,24.25%,22.00%,36.25%
2024-11-26 16:12:50,28.00%,18.25%,28.25%,25.00%
2024-11-26 16:12:52,24.25%,27.00%,35.25%,21.25%
2024-11-26 16:12:54,29.25%,27.50%,33.25%,32.50%
2024-11-26 16:12:56,30.00%,32.25%,40.25%,28.25%
2024-11-26 16:12:58,29.25%,26.25%,30.50%,31.00%
2024-11-26 16:13:00,25.00%,37.25%,30.00%,23.25%
2024-11-26 16:13:02,14.25%,37.00%,37.25%,29.25%
2024-11-26 16:13:04,29.25%,35.00%,30.25%,32.00%
2024-11-26 16:13:06,46.75%,38.25%,32.00%,25.50%
2024-11-26 16:13:08,25.25%,27.50%,28.50%,24.00%
2024-11-26 16:13:10,27.00%,31.25%,21.25%,25.25%
2024-11-26 16:13:12,29.50%,31.00%,34.25%,34.25%
2024-11-26 16:13:14,21.25%,18.25%,32.25%,31.00%
2024-11-26 16:13:16,34.00%,28.00%,26.00%,30.25%
2024-11-26 16:13:18,28.00%,33.00%,25.00%,26.25%
2024-11-26 16:13:20,34.25%,33.25%,33.00%,36.25%
2024-11-26 16:13:22,31.25%,35.25%,31.25%,35.25%
2024-11-26 16:13:24,24.25%,35.25%,37.00%,24.00%
2024-11-26 16:13:26,30.00%,29.00%,33.00%,28.25%
2024-11-26 16:13:28,37.00%,25.50%,34.25%,26.00%
2024-11-26 16:13:30,26.25%,33.25%,33.50%,17.25%
2024-11-26 16:13:32,34.25%,27.25%,29.25%,N/A
2024-11-26 16:13:34,29.50%,24.25%,24.00%,N/A
2024-11-26 16:13:36,36.00%,25.00%,31.00%,23.50%
2024-11-26 16:13:38,27.25%,25.00%,31.25%,28.50%
2024-11-26 16:13:40,25.00%,31.25%,35.25%,26.50%
2024-11-26 16:13:42,21.50%,24.25%,21.25%,35.25%
2024-11-26 16:13:44,25.00%,28.00%,34.25%,35.00%
2024-11-26 16:13:46,35.75%,31.25%,32.00%,32.00%
2024-11-26 16:13:48,27.00%,31.25%,33.25%,30.25%
2024-11-26 16:13:50,29.25%,29.25%,35.25%,34.25%
2024-11-26 16:13:52,24.25%,29.25%,35.25%,33.00%
2024-11-26 16:13:54,25.00%,33.25%,35.00%,36.25%
2024-11-26 16:13:56,N/A,38.25%,28.00%,31.00%
2024-11-26 16:13:58,33.50%,21.25%,34.25%,31.00%
2024-11-26 16:14:00,26.25%,25.50%,28.75%,31.25%
2024-11-26 16:14:02,33.00%,27.00%,29.00%,33.00%
2024-11-26 16:14:04,31.25%,19.25%,26.25%,35.00%
2024-11-26 16:14:06,31.00%,21.25%,32.50%,26.50%
2024-11-26 16:14:08,31.25%,28.00%,31.00%,35.00%
2024-11-26 16:14:10,26.25%,24.50%,29.50%,29.25%
2024-11-26 16:14:12,24.25%,20.00%,31.74%,20.25%
2024-11-26 16:14:14,22.25%,31.25%,37.25%,35.25%
2024-11-26 16:14:16,35.50%,21.25%,42.25%,33.25%
2024-11-26 16:14:18,29.50%,29.25%,37.25%,34.25%
2024-11-26 16:14:20,32.25%,40.00%,27.00%,30.50%
2024-11-26 16:14:22,25.25%,13.25%,31.50%,33.00%
2024-11-26 16:14:24,43.25%,41.25%,26.00%,30.25%
2024-11-26 16:14:26,32.00%,21.25%,28.25%,19.25%
2024-11-26 16:14:28,27.25%,39.00%,31.25%,26.50%
2024-11-26 16:14:30,35.25%,N/A,33.00%,18.00%
2024-11-26 16:14:32,28.00%,N/A,29.00%,24.50%
2024-11-26 16:14:34,35.00%,N/A,36.25%,43.25%
2024-11-26 16:14:36,27.25%,34.25%,23.25%,29.50%
2024-11-26 16:14:38,33.25%,31.00%,37.25%,28.25%
2024-11-26 16:14:40,38.00%,47.25%,25.00%,40.50%
2024-11-26 16:14:42,24.50%,42.50%,33.25%,27.25%
2024-11-26 16:14:44,31.25%,23.25%,38.25%,37.50%
2024-11-26 16:14:46,32.25%,26.25%,30.25%,24.25%
2024-11-26 16:14:48,36.50%,22.00%,31.25%,26.25%
2024-11-26 16:14:50,28.50%,32.00%,25.50%,36.00%
2024-11-26 16:14:52,26.50%,31.25%,35.25%,35.25%
2024-11-26 16:14:54,31.00%,30.00%,22.25%,32.00%
2024-11-26 16:14:56,34.50%,26.25%,N/A,40.00%
2024-11-26 16:14:59,33.00%,35.25%,N/A,27.00%
2024-11-26 16:15:01,39.25%,33.50%,N/A,29.74%
2024-11-26 16:15:03,36.25%,27.25%,N/A,31.00%
2024-11-26 16:15:05,29.25%,29.75%,N/A,29.25%
2024-11-26 16:15:07,27.00%,36.25%,N/A,41.00%
2024-11-26 16:15:09,42.25%,30.00%,N/A,26.50%
2024-11-26 16:15:11,37.50%,36.25%,N/A,34.00%
2024-11-26 16:15:13,32.25%,34.25%,N/A,33.25%
2024-11-26 16:15:15,24.00%,29.00%,N/A,24.75%
2024-11-26 16:15:17,27.25%,27.00%,N/A,42.25%
2024-11-26 16:15:19,28.50%,31.25%,28.25%,35.25%
2024-11-26 16:15:21,27.25%,27.50%,40.25%,38.00%
2024-11-26 16:15:23,30.50%,21.25%,23.00%,45.50%
2024-11-26 16:15:25,31.50%,32.25%,31.25%,21.50%
2024-11-26 16:15:27,28.25%,28.00%,32.25%,33.25%
2024-11-26 16:15:29,26.25%,30.25%,23.25%,24.00%
2024-11-26 16:15:31,30.00%,31.50%,33.25%,29.25%
