Timestamp,Server 1,Server 2,Server 3,Server 4,Server 5,Server 6,Server 7,Server 8,Server 9,Server 10,Server 11,Server 12
2024-11-26 17:24:24,224.1,237.5,243,225.5,251.7,332,256.1,349,207.7,263.5,329,240.6
2024-11-26 17:24:26,226,228.4,239,241.4,240.7,326,259.1,341,194.7,268.5,331,233.5
2024-11-26 17:24:28,242,241.4,269,210.4,276.8,329,284.1,330,234.7,264.5,329,236.5
2024-11-26 17:24:30,244.9,213.4,268,220.4,259.6,331,222.1,338,223.7,251.5,344,252.5
2024-11-26 17:24:31,234.1,248.5,260.1,242.5,231.7,325,257.1,337,231.7,268.5,319,231.5
2024-11-26 17:24:33,247.9,224.4,227,233.4,218.7,337,252.1,305,204.8,261.5,338,255.5
2024-11-26 17:24:35,228.9,235.5,256,225.5,255.7,327,245.1,342,235.7,245.5,349,255.5
2024-11-26 17:24:37,225.9,230.4,246,224.4,241.7,307,246.1,353,207.7,258.5,343,223.5
2024-11-26 17:24:38,205.9,257.4,241,247.4,282.7,313,253.1,334,231.7,292.5,322,233.5
2024-11-26 17:24:40,217.9,220.4,231,224.4,237.7,333,246.1,347,195.7,256.5,324,225.5
2024-11-26 17:24:42,213.9,230.4,221,214.4,231.6,325,245.1,331,200.7,242.5,328,264.5
2024-11-26 17:24:44,230.9,233.4,250,213.4,219.7,332,249.1,335,214.7,276.5,314,228.5
2024-11-26 17:24:45,232.9,225.5,256,228.4,267.6,318,255.1,326,219.7,249.5,338,232.5
2024-11-26 17:24:47,237.9,236.4,253,222.4,250.7,308,228.1,361,194.7,249.5,324,224.5
2024-11-26 17:24:49,248.9,230.4,215,245.5,220.7,334,233.1,333,211.7,242.5,332,221.5
2024-11-26 17:24:50,217.9,234.5,250,237.4,264.6,314,236.1,365,215.7,261.5,313,240.5
2024-11-26 17:24:52,246.9,226.5,233,233.4,245.7,339,241.1,337,209.7,260.5,310,232.5
2024-11-26 17:24:54,222.9,233.5,233,253.4,242.6,321,255.1,323,200.7,263.5,319,241.5
2024-11-26 17:24:56,242.9,214.5,237,218.4,240.7,316,231.1,342,232.7,276.5,315,231.5
2024-11-26 17:24:57,221.9,245.5,239,248.4,229.6,337,230.1,338,198.7,266.5,323,247.5
2024-11-26 17:24:59,226.9,218.5,246,230.4,262.7,311,250.1,341,228.7,266.5,296,236.5
2024-11-26 17:25:01,251.9,239.5,244,222.4,249.6,327,253.1,341,203.7,279.5,325,224.5
2024-11-26 17:25:03,248,226.5,242,230.4,232.7,337,272.1,356,216.7,242.5,336,238.5
2024-11-26 17:25:04,262.9,217.5,222,248.4,261.7,331,263.1,333,224.7,272.5,316,268.5
2024-11-26 17:25:06,267.9,253.5,219,205.4,219.7,317,266.1,364,195.7,241.5,343,223.5
2024-11-26 17:25:08,229.9,212.4,244,236.4,245.7,353,244.1,334,229.7,244.5,316,230.5
2024-11-26 17:25:10,255,214.4,254,259.6,229.7,351,272.1,330,221.7,267.5,328,230.5
2024-11-26 17:25:11,240,221.4,213,225.4,242.7,336,231.1,331,212.7,277.5,351,235.5
2024-11-26 17:25:13,219,241.4,218,233.5,241.7,292,262.1,332,228.7,268.5,332,219.5
2024-11-26 17:25:15,222,225.4,240,213.4,254.7,344,256.1,372,212.7,262.5,342,254.5
2024-11-26 17:25:17,234,222.4,228,232.4,247.7,333,257.1,344,233.7,276.5,355,238.5
2024-11-26 17:25:18,239.9,254.4,236,240.4,239.7,328,254.1,327,204.7,246.5,318,242.5
2024-11-26 17:25:20,236,255.4,240,212.4,267.7,332,249.1,325,224.7,248.5,328,240.5
2024-11-26 17:25:22,223.9,238.4,229,236.5,265.6,337,252.1,355,192.7,256.5,333,214.5
2024-11-26 17:25:24,246.9,217.5,254,235.4,250.7,325,255.1,346,223.7,265.5,301,258.5
2024-11-26 17:25:25,238.9,217.4,254,211.4,216.7,310,247.1,332,211.7,243.5,322,236.5
2024-11-26 17:25:27,229.9,269.4,218,212.5,223.7,332,258.1,364,221.7,240.5,334,235.5
2024-11-26 17:25:29,229.9,215.4,249,235.4,242.7,337,272.1,342,209.7,269.5,332,226.5
2024-11-26 17:25:31,241.9,250.4,238,231.4,205.7,333,246.2,346,225.7,238.5,322,240.5
2024-11-26 17:25:32,250.9,263.4,242,234.4,240.7,328,261.1,352,205.7,253.5,302,231.5
2024-11-26 17:25:34,245.9,238.4,250,242.4,223.7,331,257.1,323,233.7,271.5,348,204.5
2024-11-26 17:25:36,234.9,241.4,242,227.5,249.7,321,260.1,355,221.7,260.6,302,237.5
2024-11-26 17:25:38,257.9,243.4,242,228.5,245.7,310,228.1,359,235.7,240.5,316,225.5
2024-11-26 17:25:39,210.9,262.4,225,225.5,227.7,343,260.1,348,195.7,262.5,322,248.5
2024-11-26 17:25:41,240,249.4,258,252.4,231.7,329,236.1,329,217.7,257.5,299,234.5
2024-11-26 17:25:43,252.9,203.4,221,220.5,231.7,328,264.1,357,239.7,244.5,343,228.5
2024-11-26 17:25:45,227.9,245.4,231,233.4,257.7,321,253.2,336,220.7,248.5,335,244.5
2024-11-26 17:25:46,222,265.4,247,245.5,234.7,326,263.1,351,206.7,262.5,341,262.5
2024-11-26 17:25:48,223.9,224.4,231,215.4,236.7,327,260.1,348,190.7,259.5,334,238.5
2024-11-26 17:25:50,225,218.5,266,210.4,225.6,334,268.1,330,205.7,280.5,337,247.5
2024-11-26 17:25:52,257,252.5,230,214.4,226.7,322,254.1,320,203.7,253.5,330,226.5
2024-11-26 17:25:53,247.9,258.4,227.1,231.4,258.7,345,258.1,336,202.7,241.5,307,227.5
2024-11-26 17:25:55,213.9,230.4,240,231.4,230.7,297,236.1,308,207.7,247.5,336,255.5
2024-11-26 17:25:57,250.9,206.4,221,230.4,247.7,317,265.1,340,219.7,277.5,324,236.5
2024-11-26 17:25:59,240.9,230.4,240,245.4,255.7,338,267.1,348,213.7,258.5,330,243.5
2024-11-26 17:26:00,278.9,212.5,229,234.4,241.7,337,264.2,346,225.7,254.5,309,230.5
2024-11-26 17:26:02,222.9,230.4,246,250.4,259.6,323,282.1,347,231.7,249.5,321,231.5
2024-11-26 17:26:04,243.9,208.4,248,238.4,249.7,321,283.1,352,227.7,257.5,279,230.5
2024-11-26 17:26:06,254.9,240.5,251,220.4,229.7,348,264.1,364,195.7,293.5,294,235.5
2024-11-26 17:26:07,239.9,254.4,253,228.4,220.7,329,252.1,337,203.7,244.5,330,256.5
2024-11-26 17:26:09,225.9,243.4,218,258.4,265.7,318,269.1,342,240.7,244.5,313,259.5
2024-11-26 17:26:11,257.9,254.4,228,244.4,233.7,341,258.1,375,216.7,242.5,324,223.5
2024-11-26 17:26:13,238.5,223.4,255,211.5,253.6,319,254.1,369,235.7,250.5,307,240.5
2024-11-26 17:26:14,236.9,240.4,246,267.4,244.6,314,263.1,339,221.7,240.5,323,239.5
2024-11-26 17:26:16,257.9,229.4,240,232.4,235.7,311,262.1,340,213.7,234.5,329,224.5
2024-11-26 17:26:18,225.9,243.4,235,225.4,242.7,315,257.1,349,259.7,245.5,323,267.5
2024-11-26 17:26:20,261.9,214.5,236,231.4,245.7,321,247.1,348,222.7,268.5,328,216.5
2024-11-26 17:26:21,246.9,236.4,233,249.4,240.7,323,251.1,335,231.7,243.5,326,257.5
2024-11-26 17:26:23,247.9,227.4,231,236.4,220.7,299,236.1,345,238.7,260.5,332,223.5
2024-11-26 17:26:25,250.9,229.4,231,239.4,210.6,343,246.1,365,188.7,266.5,319,237.5
2024-11-26 17:26:27,232.9,257.4,236,222.4,241.6,310,238.1,328,214.7,269.5,330,233.5
2024-11-26 17:26:28,238.9,236.4,251,204.4,236.6,335,260.1,342,215.7,258.5,300,229.5
2024-11-26 17:26:30,252.9,269.4,201,229.4,236.6,322,243.1,370,220.7,246.5,340,248.5
2024-11-26 17:26:32,223.9,201.4,217,230.4,258.6,326,268.2,341,208.7,287.5,346,236.5
2024-11-26 17:26:34,238.9,231.5,249,237.5,242.6,312,236.1,374,227.7,242.5,333,244.5
2024-11-26 17:26:35,230.9,232.4,242.1,219.4,225.7,316,242.2,332,212.7,265.5,313,204.5
2024-11-26 17:26:37,233.9,227.5,222,252.4,239.6,324,234.1,351,213.7,231.5,315,224.5
2024-11-26 17:26:39,245.9,229.4,274,227.4,244.7,348,253.1,352,218.7,262.5,345,260.5
2024-11-26 17:26:41,240.1,247.4,263,242.4,232.7,326,234.1,356,210.7,274.5,299,258.5
2024-11-26 17:26:42,250.9,237.4,234,233.4,266.6,315,249.1,348,200.7,266.5,334,254.5
2024-11-26 17:26:44,247.9,214.4,251,216.4,221.6,331,225.1,354,216.7,265.5,322,228.5
2024-11-26 17:26:46,256.9,240.4,255,214.4,227.6,324,245.1,337,189.7,253.5,318,250.5
2024-11-26 17:26:48,228.9,219.5,224,208.4,248.7,312,266.2,369,224.7,258.5,319,241.5
2024-11-26 17:26:49,228.9,236.4,245,206.4,234.7,321,267.2,351,222.7,249.5,300,248.5
2024-11-26 17:26:51,251,204.4,214.1,220.4,233.7,324,255.2,342,203.7,264.5,342,237.5
2024-11-26 17:26:53,234,228.4,262.1,237.4,223.6,326,252.1,344,220.7,261.5,318,265.5
2024-11-26 17:26:55,248.9,221.5,240,228.4,234.7,313,261.1,328,210.7,273.5,318,235.5
2024-11-26 17:26:56,251.9,229.4,245,252.4,219.7,340,269.1,344,215.7,253.5,314,259.5
2024-11-26 17:26:58,230.9,234.5,233,212.4,246.7,322,259.1,370,215.7,267.5,311,236.5
2024-11-26 17:27:00,216,200,264,235.4,247.8,320,231.1,371,212.7,243.5,311,241.5
2024-11-26 17:27:02,238,236.5,257,224.4,224.7,313,236.1,335,244.7,260.5,322,250.5
2024-11-26 17:27:03,240,243.5,225,217.4,248.7,305,280.1,335,217.7,248.5,310,248.5
2024-11-26 17:27:05,239.9,230.5,232,233.4,223.7,345,240.1,306,224.7,275.5,313,226.5
2024-11-26 17:27:07,227,227.5,245,230.4,242.7,332,256.1,325,186.7,255.5,305,245.5
2024-11-26 17:27:09,212.9,231.5,235,226.4,263.7,326,273.1,333,229.7,262.5,327,231.5
2024-11-26 17:27:10,252,236.5,242,211.4,246.7,323,233.1,343,183.7,279.5,326,255.5
2024-11-26 17:27:12,232.9,256.4,230.1,223.4,238.7,343,248.1,328,223.7,267.5,327,230.5
2024-11-26 17:27:14,251,231.5,245,198.4,253.7,320,257.1,351,209.7,266.5,290,249.5
2024-11-26 17:27:16,229.9,242.4,246,237.4,247.7,320,270.1,357,198.7,291.5,317,225.5
2024-11-26 17:27:17,221.9,227.4,243,225.4,258.7,347,262.1,326,229.7,261.5,334,227.5
2024-11-26 17:27:19,238.9,222.4,253,222.4,231.7,353,252.1,319,216.7,238.5,319,222.5
2024-11-26 17:27:21,265,227.4,231,210.4,241.7,319,242.1,325,237.7,249.5,313,249.5
2024-11-26 17:27:23,244.9,218.4,256,229.4,230.7,341,257.1,385,225.7,268.5,327,232.5
2024-11-26 17:27:24,248.9,259.4,234,228.4,232.7,326,248.1,341,225.7,234.5,331,229.5
2024-11-26 17:27:26,265.9,206.4,236,248.4,240.7,338,254.1,361,218.7,256.5,321,246.5
2024-11-26 17:27:28,252.9,261.4,254,237.4,244.7,309,263.1,343,215.7,280.5,340,247.5
2024-11-26 17:27:30,213.9,217.4,217,234.4,196.7,340,242.1,311,203.7,275.5,315,236.5
2024-11-26 17:27:31,251.9,209.4,229,244.4,246.7,324,271.1,340,226.7,245.5,306,235.5
2024-11-26 17:27:33,267.9,231.4,216,233.4,238.7,330,259.1,353,216.7,249.5,304,219.5
2024-11-26 17:27:35,244.9,218.4,249,249.4,236.7,324,262.1,333,214.7,268.5,342,233.5
2024-11-26 17:27:37,272.9,234.4,224,239.4,247.7,330,268.1,324,215.7,249.5,329,247.5
2024-11-26 17:27:38,222.9,233.4,241,235.4,224.7,326,252.1,338,192.7,265.5,340,243.5
2024-11-26 17:27:40,229.9,242.4,251,216.4,254.7,317,234.1,345,230.7,256.5,323,214.5
2024-11-26 17:27:42,238.9,251.4,227,244.4,223.7,323,250.1,316,221.7,254.5,307,241.5
2024-11-26 17:27:44,234.9,253.4,220,230.4,223.7,312,265.1,332,199.7,230.5,337,261.5
2024-11-26 17:27:45,224.9,259.4,251,254.4,239.7,316,245.1,352,232.7,255.5,319,229.5
2024-11-26 17:27:47,232.9,235.4,256,220.4,213.7,323,250.1,359,216.7,245.5,347,247.5
2024-11-26 17:27:49,228.9,242.4,233,241.4,239.6,307,253.1,331,189.7,264.5,312,244.5
2024-11-26 17:27:51,243.9,228.5,227,219.4,215.7,347,237.1,329,209.7,235.5,310,225.5
2024-11-26 17:27:52,237.9,232.4,241,254.4,244.7,324,265.1,342,228.7,261.5,311,229.5
2024-11-26 17:27:54,234.9,227.4,241.1,209.4,230.7,309,266.1,361,221.7,257.5,336,258.5
2024-11-26 17:27:56,245.9,217.4,228,227.4,239.7,305,239.1,335,198.7,272.5,342,233.5
2024-11-26 17:27:57,250.9,228.4,231,242.4,210.7,307,261.1,333,228.7,288.5,350,248.5
2024-11-26 17:27:59,223.9,233.4,231,247.4,217.7,307,244.1,348,215.7,243.5,332,244.5
2024-11-26 17:28:01,236.9,220.4,246,219.4,240.7,328,257.1,343,211.7,267.5,326,240.5
2024-11-26 17:28:03,244.9,261.5,260,242.4,290.7,337,254.1,353,222.7,267.5,314,215.5
2024-11-26 17:28:04,256.9,217.5,237,227.4,215.7,328,262.1,345,211.7,246.5,321,232.5
2024-11-26 17:28:06,236.9,245.4,257,216.4,240.7,328,246.1,341,220.7,242.5,313,235.5
2024-11-26 17:28:08,254.9,220.4,231,243.4,243.7,326,237.1,340,237.7,232.5,326,248.5
2024-11-26 17:28:10,219.9,230.4,252,237.4,236.7,337,252.1,367,206.7,248.5,321,242.5
2024-11-26 17:28:11,252.9,221.4,255,247.4,232.7,342,258.1,353,239.7,245.5,334,249.5
2024-11-26 17:28:13,243.9,248.4,260,227.4,224.7,298,248.1,331,230.7,258.5,354,223.5
2024-11-26 17:28:15,212.9,219.4,218,223.5,223.7,344,251.1,355,233.7,254.5,317,208.5
2024-11-26 17:28:17,238.9,216.4,222,219.4,231.7,342,242.1,345,220.7,278.5,311,243.5
2024-11-26 17:28:18,243.9,261.4,228,222.4,251.7,351,246.1,356,210.7,244.5,327,232.5
2024-11-26 17:28:20,221.9,222.4,242,233.4,260.7,331,257.1,329,200.7,245.5,302,246.5
2024-11-26 17:28:22,223.9,270.4,233,222.4,233.7,335,258.1,335,220.7,261.5,323,246.5
2024-11-26 17:28:24,215.9,215.4,247,237.4,244.7,321,258.1,351,225.7,229.5,319,229.5
2024-11-26 17:28:25,251.9,225.4,259,251.4,242.7,334,242.1,358,214.7,289.5,334,242.5
2024-11-26 17:28:27,226.9,254.4,218,247.4,252.7,316,272.1,352,208.7,259.5,329,239.5
2024-11-26 17:28:29,232.9,244.4,239,225.4,234.7,318,253.1,368,230.7,273.5,347,233.5
2024-11-26 17:28:31,231.9,231.4,240,244.4,240.7,312,264.1,353,190.7,251.5,336,250.5
2024-11-26 17:28:32,244.9,231.4,232,213.4,225.7,311,248.2,338,204.7,278.5,308,261.5
2024-11-26 17:28:34,245.9,235.5,230,228.5,267.7,333,247.3,359,233.7,243.5,321,238.5
2024-11-26 17:28:36,251.9,209.4,222,224.5,225.7,311,268.1,356,217.7,252.5,302,224.5
2024-11-26 17:28:38,228.9,206.4,236,243.5,222.7,323,251.2,318,214.7,255.5,312,216.5
2024-11-26 17:28:39,233.9,238.4,247,227.4,238.7,327,240.2,360,220.7,250.5,333,233.5
2024-11-26 17:28:41,219.9,247.4,260,238.4,251.7,322,248.2,325,210.7,261.5,335,250.5
2024-11-26 17:28:43,228.9,237.4,272,217.4,244.7,333,249.2,322,213.7,286.5,339,229.5
2024-11-26 17:28:45,243.9,206.4,245,222.4,267.7,328,243.1,351,224.7,236.5,315,231.5
2024-11-26 17:28:46,208.9,214.4,250,248.4,225.7,346,242.2,332,230.7,279.5,337,242.5
2024-11-26 17:28:48,234.9,222.4,223,225.4,246.7,339,250.2,347,229.7,233.5,309,268.5
2024-11-26 17:28:50,207.9,252.5,248,222.4,244.7,323,262.2,333,208.7,252.5,300,246.5
2024-11-26 17:28:52,240.9,237.4,229,203.4,264.7,333,266.2,342,215.7,263.5,312,233.5
2024-11-26 17:28:53,234,239.4,224,210.4,223.7,349,258.2,354,200.7,260.5,316,253.5
2024-11-26 17:28:55,228.9,232.4,227.1,246.4,252.7,338,256.2,349,219.7,273.5,323,222.5
2024-11-26 17:28:57,230.9,227.4,237,226.4,254.7,312,259.2,354,220.7,258.5,338,238.5
2024-11-26 17:28:59,242.9,222.4,227,220.4,250.7,317,258.1,352,239.7,277.5,318,259.6
2024-11-26 17:29:00,234.9,241.4,229,228.5,234.7,337,257.2,350,221.7,274.5,320,240.5
2024-11-26 17:29:02,257.9,235.4,245,235.4,244.7,297,258.2,348,221.7,243.5,306,239.5
2024-11-26 17:29:04,238.9,243.4,249,243.4,224.7,324,250.2,348,192.7,285.5,292,235.5
2024-11-26 17:29:06,230.9,259.4,259,214.4,235.7,320,251.2,351,227.7,257.5,315,237.5
2024-11-26 17:29:07,230.9,222.4,241,234.4,223.7,312,234.2,358,223.7,261.5,327,251.5
2024-11-26 17:29:09,239.9,230.4,246,214.4,213.7,320,244.2,335,215.7,258.5,327,220.5
2024-11-26 17:29:11,232.9,216.4,246,231.4,236.7,327,257.1,317,232.7,238.5,326,187.5
2024-11-26 17:29:13,256.9,223.4,222,239.5,254.7,334,259.1,324,213.7,252.5,331,221.5
2024-11-26 17:29:14,225.9,229.4,236,235.4,227.7,318,259.1,362,209.7,254.5,307,235.5
2024-11-26 17:29:16,229,229.4,220,228.4,232.7,351,249.1,337,214.7,255.5,316,241.5
2024-11-26 17:29:18,240,259.4,234,239.4,254.7,322,260.1,320,234.7,271.5,318,237.5
2024-11-26 17:29:20,266.9,228.4,220,259.4,222.7,287,264.1,353,219.7,232.5,327,220.5
2024-11-26 17:29:21,232,233.4,243,238.4,233.7,303,255.1,350,218.7,287.5,322,229.5
2024-11-26 17:29:23,254,235.4,254,215.4,232.7,335,232.1,336,231.7,242.5,318,256.5
2024-11-26 17:29:25,214.9,235.4,210,232.4,237.7,323,259.1,316,190.7,257.5,316,270.5
2024-11-26 17:29:27,262.9,235.4,225,224.4,254.7,313,243.1,338,230.7,274.5,334,240.5
2024-11-26 17:29:28,235,224.4,240,225.4,270.7,317,274.1,343,258.7,244.5,335,217.5
2024-11-26 17:29:30,233.9,231.4,229,248.4,260.7,316,248.1,348,234.7,275.5,304,225.5
2024-11-26 17:29:32,247.9,230.4,268,239.4,279.7,348,286.1,326,240.7,252.5,313,225.5
2024-11-26 17:29:34,251,232.4,227,237.4,253.7,332,258.1,350,194.7,264.5,318,253.5
2024-11-26 17:29:35,232,225.4,255,224.4,236.7,352,226.1,351,220.7,276.5,329,220.5
2024-11-26 17:29:37,244,227.4,222,248.5,265.7,321,255.1,326,230.7,269.5,320,225.5
2024-11-26 17:29:39,228.9,229.4,242,238.4,228.7,341,225.1,344,229.7,270.5,319,228.5
2024-11-26 17:29:41,279,233.5,219,267.4,265.7,339,266.1,339,225.7,223.5,325,237.5
2024-11-26 17:29:42,250.9,244.4,228,228.5,250.7,335,285.1,344,204.7,255.5,337,197.5
2024-11-26 17:29:44,242.9,227.5,198,240.4,231.7,329,247.1,340,214.7,243.5,331,239.5
2024-11-26 17:29:46,243,238.4,230,236.4,201.7,331,242.1,331,222.7,258.5,320,244.5
2024-11-26 17:29:48,243,264.4,240,231.4,260.7,304,233.1,339,229.7,238.5,298,240.5
2024-11-26 17:29:49,223.9,244.4,252,236.4,237.7,319,260.1,320,213.7,260.5,296,229.5
2024-11-26 17:29:51,253.9,243.4,253,233.4,275.7,339,255.2,336,213.7,260.5,322,228.5
2024-11-26 17:29:53,245,251.4,238,213.4,205.7,328,244.1,317,217.7,275.5,323,246.5
2024-11-26 17:29:55,233,226.4,219,234.4,243.7,326,244.1,336,224.7,254.5,324,236.5
2024-11-26 17:29:56,232.9,233.5,243,221.4,230.7,317,264.1,332,231.7,250.5,324,238.5
2024-11-26 17:29:58,238,242.5,246,224.4,234.7,310,240.1,330,209.7,263.5,320,245.5
2024-11-26 17:30:00,238,226.4,233,225.5,256.7,331,251.1,346,212.7,270.5,295,259.5
2024-11-26 17:30:02,251,229.4,232,224.4,242.7,343,233.1,347,214.7,283.5,325,256.5
2024-11-26 17:30:03,266,228.4,238,228.4,220.7,309,242.1,351,190.7,230.5,307,252.6
2024-11-26 17:30:05,254,218.6,237,254.4,231.7,313,272.1,349,226.7,273.5,345,229.5
2024-11-26 17:30:07,223.9,253.5,245,226.4,242.8,336,267.1,327,211.7,240.5,334,242.5
2024-11-26 17:30:09,268,248.5,237,243.4,244.7,313,259.1,344,195.7,244.5,325,230.5
2024-11-26 17:30:10,239,202.4,220,212.4,239.7,356,258.1,340,183.7,249.5,318,231.5
2024-11-26 17:30:12,222,215.5,212,216.4,255.7,336,251.1,337,220.7,250.5,329,216.5
2024-11-26 17:30:14,250.9,229.5,240,232.4,237.7,343,255.1,341,205.7,248.5,318,216.5
2024-11-26 17:30:16,238,227.4,243,222.4,233.7,328,221.1,371,206.7,259.5,320,239.5
2024-11-26 17:30:17,249.9,215.4,219,221.4,239.7,332,223.1,331,202.7,260.5,339,225.5
2024-11-26 17:30:19,230,237.4,249,219.4,251.7,330,232.2,343,185.7,270.5,332,239.5
2024-11-26 17:30:21,230.9,232.5,226,246.4,244.7,317,265.1,343,219.7,262.5,304,238.5
2024-11-26 17:30:23,234,230.4,238,239.4,244.7,333,256.1,334,229.7,276.5,302,253.5
2024-11-26 17:30:24,238.9,225.4,227,209.4,239.7,306,227.1,338,200.7,263.5,314,249.5
2024-11-26 17:30:26,243.9,239.4,233,240.4,231.7,341,283.1,342,228.7,252.5,310,223.5
2024-11-26 17:30:28,259.9,234.4,236,215.4,228.7,337,252.1,341,217.7,265.5,323,239.5
2024-11-26 17:30:30,246,233.4,257,241.4,250.7,308,238.1,345,205.7,260.5,297,233.5
2024-11-26 17:30:31,239.9,232.4,267,240.4,225.7,330,242.1,358,218.7,258.5,317,241.5
2024-11-26 17:30:33,236.9,242.4,249,248.4,251.7,332,235.1,353,213.7,245.5,314,234.5
2024-11-26 17:30:35,226.9,220.4,213,251.4,234.7,315,246.1,350,203.7,268.5,324,230.5
2024-11-26 17:30:37,246.9,225.4,230,235.4,243.6,316,262.1,376,196.7,240.5,350,252.5
2024-11-26 17:30:38,239.9,222.4,221,239.4,240.7,342,249.1,371,221.7,276.5,310,246.5
2024-11-26 17:30:40,253.9,253.4,239,214.4,236.7,320,251.1,348,212.7,256.5,332,249.5
2024-11-26 17:30:42,249.9,234.4,256,229.4,249.7,344,252.1,365,229.7,250.5,340,228.5
2024-11-26 17:30:44,240.9,240.4,266,213.4,209.6,321,248.1,343,228.7,257.5,326,230.5
2024-11-26 17:30:45,245.9,234.4,253,209.4,222.7,290,263.1,314,198.7,287.5,312,233.5
2024-11-26 17:30:47,248.9,236.4,238,221.4,230.6,365,249.1,346,206.7,253.5,334,207.5
2024-11-26 17:30:49,264.9,228.4,245,260.4,229.6,342,242.1,353,221.7,282.5,329,198.5
2024-11-26 17:30:51,240.9,219.4,230,227.4,233.7,315,233.1,333,230.7,262.5,323,232.5
2024-11-26 17:30:52,234.9,217.4,223,233.4,266.6,344,250.1,348,223.7,264.5,324,248.5
2024-11-26 17:30:54,244.9,225.4,241,222.4,242.6,336,266.1,349,216.7,280.5,293,227.5
2024-11-26 17:30:56,233.9,247.4,236.1,243.4,249.6,302,269.1,352,242.7,271.4,326,239.5
2024-11-26 17:30:58,253.9,238.4,208,192.4,251.6,326,225.1,345,200.7,258.5,342,263.5
2024-11-26 17:30:59,221.9,241.4,232,230.4,217.6,311,256.1,327,211.7,234.5,308,249.5
2024-11-26 17:31:01,253.9,210.4,218,216.4,267.6,338,263.1,369,216.7,236.5,306,248.5
2024-11-26 17:31:03,239.9,224.4,269.1,238.4,247.7,322,243.1,341,202.7,244.5,323,229.5
2024-11-26 17:31:05,240.9,211.4,238,236.4,225.6,320,262.1,327,241.7,254.5,309,235.5
2024-11-26 17:31:06,255,240.4,236,254.4,255.7,320,223.1,342,196.7,250.5,320,219.5
2024-11-26 17:31:08,243.9,222.4,226,244.4,232.6,318,271.2,356,208.7,254.5,341,234.5
2024-11-26 17:31:10,243.9,215.4,201,229.4,228.7,319,268.1,336,241.7,257.5,319,226.5
2024-11-26 17:31:12,223.9,224.5,244,223.4,261.6,329,255.1,363,190.7,268.5,299,256.5
2024-11-26 17:31:13,237.9,232.4,231,229.4,277.7,327,263.1,377,226.7,281.4,310,239.5
2024-11-26 17:31:15,235.9,227.4,241,261.4,254.6,346,255.1,339,208.7,261.5,289,221.5
2024-11-26 17:31:17,286.9,253.4,188,237.4,233.7,331,233.2,350,219.7,265.5,317,245.5
2024-11-26 17:31:19,237.9,222.4,233,209.4,239.7,312,258.1,324,225.7,257.5,329,221.5
2024-11-26 17:31:20,231.9,233.5,242,237.4,229.7,311,251.1,346,224.7,264.5,342,232.5
2024-11-26 17:31:22,253.9,215.4,242,220.4,268.7,349,266.1,341,226.7,259.5,346,253.5
2024-11-26 17:31:24,241.9,257.4,233,209.4,217.7,330,238.1,347,218.7,277.5,326,236.5
2024-11-26 17:31:26,239.9,226.4,227,234.4,239.6,338,248.1,336,210.7,265.5,316,259.5
2024-11-26 17:31:27,245.9,246.4,263,210.4,249.6,304,240.1,334,198.7,269.5,321,211.5
2024-11-26 17:31:29,240.9,240.4,255,227.4,250.6,312,230.2,344,237.7,256.5,308,248.5
2024-11-26 17:31:31,243,234.4,245,241.4,247.6,314,243.2,322,211.7,264.5,326,219.5
2024-11-26 17:31:32,252.9,227.4,253,236.4,226.7,331,244.1,339,207.7,249.5,310,222.5
2024-11-26 17:31:34,217.9,221.4,229,225.4,226.6,336,250.1,363,211.7,270.5,317,240.5
2024-11-26 17:31:36,220.9,230.4,225,218.4,268.7,326,277.1,343,235.7,237.5,320,216.5
2024-11-26 17:31:38,262.9,224.4,227.1,231.4,205.6,327,250.1,339,200.7,272.5,321,220.5
2024-11-26 17:31:39,233.9,226.4,228,230.4,216.7,325,267.1,354,208.7,266.5,328,217.5
2024-11-26 17:31:41,240.9,209.4,248,249.4,230.6,330,242.1,336,214.7,270.5,313,230.5
2024-11-26 17:31:43,242.9,218.4,265,236.4,211.7,328,241.1,342,201.7,261.5,340,241.5
2024-11-26 17:31:45,258.9,232.4,222,217.4,238.6,331,248.1,347,205.7,241.5,324,221.5
2024-11-26 17:31:46,237.9,214.4,214,224.4,258.6,303,269.1,370,199.7,271.5,327,232.5
2024-11-26 17:31:48,272.9,252.4,228,244.4,239.7,310,237.1,364,209.7,258.5,321,232.5
2024-11-26 17:31:50,241.9,239.5,271,247.4,244.6,347,257.1,379,214.7,270.5,320,218.5
2024-11-26 17:31:52,245.9,239.5,244,244.4,253.6,332,260.1,330,219.7,275.5,343,238.5
2024-11-26 17:31:53,263.9,242.5,263,217.4,263.6,316,264.1,374,196.7,259.5,317,223.5
2024-11-26 17:31:55,226.9,226.4,227,227.4,248.6,323,253.1,364,227.7,248.5,314,248.5
2024-11-26 17:31:57,236.9,228.4,231.1,227.4,253.7,341,247.1,344,216.7,245.5,330,242.5
2024-11-26 17:31:59,231.9,206.5,265,225.4,237.7,341,228.1,331,204.7,254.5,328,262.5
2024-11-26 17:32:00,240.9,236.4,235,244.4,246.6,335,262.1,347,236.7,287.5,302,247.5
2024-11-26 17:32:02,266.9,236.5,247.1,232.4,233.6,333,251.1,328,210.7,244.5,326,243.5
2024-11-26 17:32:04,220.9,220.4,217,227.4,242.6,316,268.1,350,205.7,228.5,305,236.5
2024-11-26 17:32:06,250.9,231.5,222,252.4,213.6,310,257.1,336,223.7,262.5,354,226.5
2024-11-26 17:32:07,239.9,252.5,246,221.4,245.6,299,241.1,335,205.7,286.5,322,212.5
2024-11-26 17:32:09,236.9,215.4,243,231.4,243.7,348,253.1,344,208.7,271.5,311,217.5
2024-11-26 17:32:11,245.9,246.4,234,239.4,224.6,313,289.1,346,192.7,239.5,326,246.5
2024-11-26 17:32:13,251.3,218.4,244,247.4,206.6,328,248.1,338,215.7,249.5,307,223.5
2024-11-26 17:32:14,231.9,263.4,237,212.4,238.6,328,241.1,350,202.7,281.5,322,261.5
2024-11-26 17:32:16,222,206.4,237,215.4,258.6,316,245.1,333,197.7,262.5,348,231.5
2024-11-26 17:32:18,266.9,226.4,237,245.4,240.6,316,236.2,342,201.7,239.5,319,232.5
2024-11-26 17:32:20,251.9,245.4,264,242.4,239.6,319,252.1,339,249.7,260.5,314,233.5
2024-11-26 17:32:21,250.9,240.4,227,238.4,244.6,345,253.1,356,228.7,279.5,324,221.5
2024-11-26 17:32:23,228.9,224.4,252,232.4,223.7,350,238.1,339,221.7,266.5,316,239.5
2024-11-26 17:32:25,248.9,217.4,230.1,250.4,233.7,342,236.1,348,206.7,260.5,310,247.5
2024-11-26 17:32:27,234.9,223.4,243,236.4,224.6,317,245.1,341,238.7,265.6,326,239.5
2024-11-26 17:32:28,241.9,235.5,250,225.4,280.6,331,253.1,338,225.7,259.5,339,236.5
2024-11-26 17:32:30,260.9,221.4,229,224.4,237.6,324,226.1,336,217.7,261.5,315,260.5
2024-11-26 17:32:32,249.9,229.4,245.1,231.4,244.6,345,224.1,338,202.7,250.5,331,213.5
2024-11-26 17:32:34,235.9,234.4,247,213.4,251.6,343,271.1,325,199.7,257.5,306,218.5
2024-11-26 17:32:35,237.9,241.5,212,235.4,251.6,324,243.1,323,221.7,233.5,322,220.5
2024-11-26 17:32:37,215.9,207.4,226,242.4,249.6,310,250.2,335,246.7,264.5,328,244.5
2024-11-26 17:32:39,223.9,224.4,233,216.4,230.6,330,248.1,353,200.7,269.5,328,248.5
2024-11-26 17:32:41,244.9,236.4,241,225.4,219.6,305,275.1,315,235.7,283.5,313,228.5
2024-11-26 17:32:42,231.9,233.4,216,245.4,221.7,349,252.1,349,212.7,252.5,330,222.5
2024-11-26 17:32:44,283.9,248.4,242,228.4,232.6,291,255.1,352,224.7,261.5,306,256.5
2024-11-26 17:32:46,242.9,236.4,292,221.4,262.6,311,242.1,340,234.7,278.5,326,255.5
2024-11-26 17:32:48,248.9,237.4,252,234.4,262.6,324,233.1,345,204.7,258.5,321,246.5
2024-11-26 17:32:49,252.9,245.4,224,203.4,243.6,331,249.1,345,232.7,246.5,325,225.5
2024-11-26 17:32:51,258.9,225.4,238,215.4,256.6,314,237.1,358,230.7,261.5,318,236.5
2024-11-26 17:32:53,233.9,222.4,220,224.4,250.6,328,257.1,337,227.7,218.5,334,235.5
2024-11-26 17:32:55,240.9,206.4,212,219.4,220.6,294,238.1,341,212.7,242.5,345,244.5
2024-11-26 17:32:56,241.9,261.4,251,216.4,264.6,300,270.1,350,216.7,265.5,344,236.5
2024-11-26 17:32:58,273.9,213.4,224,211.4,231.7,335,233.1,341,215.7,259.5,330,220.5
2024-11-26 17:33:00,229.9,232.4,229,227.4,243.6,305,278.1,350,229.7,275.5,341,251.5
2024-11-26 17:33:02,242.9,232.4,256.1,200.4,230.7,346,262.1,329,228.7,251.5,324,256.5
2024-11-26 17:33:03,235.9,213.4,233,230.4,245.6,333,245.1,349,254.7,241.5,306,238.5
2024-11-26 17:33:05,218.9,227.4,236,218.4,218.7,343,246.1,368,242.7,227.5,307,227.5
2024-11-26 17:33:07,223.9,238.4,263,240.4,254.7,311,255.1,312,191.7,247.5,307,243.5
2024-11-26 17:33:09,270.9,211.4,230,217.4,257.7,346,259.1,344,182.7,265.5,315,183.5
2024-11-26 17:33:10,220.9,220.4,210,228.4,239.7,355,266.1,355,246.7,248.5,312,227.5
2024-11-26 17:33:12,231.9,229.4,243,224.4,222.8,310,236.1,340,195.7,243.5,319,226.5
2024-11-26 17:33:14,246.9,238.4,231,221.4,262.6,314,246.1,324,215.7,239.5,346,226.5
2024-11-26 17:33:16,244.9,247.4,209,229.4,235.7,328,226.1,354,225.7,258.5,322,243.5
2024-11-26 17:33:17,225.9,241.4,257,204.4,226.7,314,247.1,359,223.7,268.5,330,226.5
2024-11-26 17:33:19,231.9,230.4,267,235.4,239.7,304,250.1,369,242.7,252.5,302,231.5
2024-11-26 17:33:21,240.9,220.4,265,241.4,226.7,345,250.1,315,215.7,263.5,287,232.5
2024-11-26 17:33:23,252.9,222.4,243,252.4,251.7,315,264.1,331,205.7,276.5,303,245.5
2024-11-26 17:33:24,236.9,223.4,245,245.4,212.7,341,226.1,341,222.7,276.5,339,195.5
2024-11-26 17:33:26,231.9,230.4,216,223.4,223.7,338,249.1,354,246.7,265.5,310,231.5
2024-11-26 17:33:28,226.9,214.4,231,226.4,256.7,322,260.1,338,231.7,259.5,317,246.5
2024-11-26 17:33:30,225.9,255.4,255,246.4,265.7,303,241.1,344,246.7,276.5,332,237.5
2024-11-26 17:33:31,245.9,231.4,237,222.4,210.7,322,245.1,341,222.7,269.5,287,251.5
2024-11-26 17:33:33,224.9,217.5,253,250.4,233.7,345,250.1,342,226.7,266.5,322,238.5
2024-11-26 17:33:35,223.9,238.4,268,202.4,236.7,318,257.1,378,211.7,238.5,342,228.5
2024-11-26 17:33:37,225.9,215.4,223,237.4,236.7,332,252.2,321,224.7,261.5,307,233.5
2024-11-26 17:33:38,222.9,235.4,253,209.4,252.7,337,265.1,356,218.7,245.5,332,229.5
2024-11-26 17:33:40,239.9,206.4,215,218.5,250.7,308,253.1,316,218.7,259.4,311,243.5
2024-11-26 17:33:42,234.9,247.4,230,216.4,246.7,324,256.1,347,200.7,272.4,304,208.5
2024-11-26 17:33:44,244.9,215.4,233,232.4,249.7,350,246.1,327,215.7,256.5,299,244.5
2024-11-26 17:33:45,253.9,275.4,246,226.4,239.7,325,254.1,365,219.7,225.5,317,235.5
2024-11-26 17:33:47,240.9,226.4,230,211.4,250.7,308,237.1,337,229.7,261.5,336,242.5
2024-11-26 17:33:49,271.9,235.4,244,217.4,218.7,309,266.1,325,211.7,247.5,301,226.5
2024-11-26 17:33:51,259.9,227.4,228,220.4,228.7,328,251.1,334,212.7,240.5,313,245.5
2024-11-26 17:33:52,268.9,231.4,246,217.4,230.7,317,265.1,333,216.7,236.5,309,228.5
2024-11-26 17:33:54,225.9,247.4,232,260.4,223.7,315,267.2,309,219.7,253.5,319,248.5
2024-11-26 17:33:56,263.9,229.4,229,233.4,243.6,329,242.1,346,210.7,237.5,327,244.5
2024-11-26 17:33:58,257.9,224.4,249,225.4,229.7,332,282.1,358,220.7,267.5,327,231.5
2024-11-26 17:33:59,253.9,223.4,227,240.4,250.7,295,236.1,308,219.7,241.5,311,224.5
2024-11-26 17:34:01,235.9,250.4,254,258.4,235.7,315,264.1,314,196.7,273.5,304,228.5
2024-11-26 17:34:03,229.9,248.4,241,231.4,223.7,336,252.1,348,221.7,299.5,334,245.5
2024-11-26 17:34:05,241.9,227.4,239,230.4,237.6,326,259.1,347,239.7,271.5,323,201.5
2024-11-26 17:34:06,233.9,223.4,224,251.4,234.7,318,234.1,330,231.7,254.5,351,216.5
2024-11-26 17:34:08,246.9,240.4,234,213.4,239.7,362,236.1,326,219.7,269.5,314,247.5
2024-11-26 17:34:10,262.9,247.4,237,224.4,244.7,325,214.1,368,219.7,256.5,323,236.5
2024-11-26 17:34:12,265.9,215.4,258,232.4,251.7,317,247.1,353,206.7,255.5,345,230.5
2024-11-26 17:34:13,229.9,236.4,252,225.4,205.7,339,252.1,333,214.7,255.5,326,223.5
2024-11-26 17:34:15,247.9,233.4,243,258.4,253.7,325,256.1,335,245.7,255.4,315,246.5
2024-11-26 17:34:17,215.9,237.4,225,226.4,239.6,338,262.1,334,223.7,273.5,336,222.5
2024-11-26 17:34:19,234.9,229,222,227.4,222.7,333,253.1,360,205.7,257.5,314,240.5
2024-11-26 17:34:20,239.9,216.5,241,225.4,241.7,293,260.1,330,206.7,257.5,315,234.5
2024-11-26 17:34:22,236.9,249.4,245,232.4,239.7,311,252.1,344,220.7,254.5,315,245.5
2024-11-26 17:34:24,242.9,246.4,254,203.4,254.7,327,220.1,319,212.7,252.7,305,240.5
2024-11-26 17:34:26,236.9,225.5,228,220.4,221.6,331,241.1,348,234.7,273.5,328,229.5
2024-11-26 17:34:27,247.9,232.4,260,226.4,237.7,331,254.1,355,241.7,268.5,330,225.5
2024-11-26 17:34:29,226.9,208.4,222,198.4,214.6,306,263.1,348,206.7,258.5,287,249.5
2024-11-26 17:34:31,258.9,220.4,231,204.4,226.6,325,245.1,348,243.7,252.5,331,241.5
2024-11-26 17:34:33,241.9,220.4,238,220.4,240.6,328,263.1,359,214.7,269.4,304,217.5
2024-11-26 17:34:34,269.9,226.4,238,220.4,230.6,340,237.1,340,225.7,266.5,323,248.5
2024-11-26 17:34:36,219.9,222.4,243,231.4,256.7,311,237.1,354,218.7,246.5,311,218.5
2024-11-26 17:34:38,226.9,220.4,240,240.4,242.7,307,239.1,355,227.7,242.4,317,248.5
2024-11-26 17:34:40,222.9,211.4,231,238.4,225.6,325,261.1,322,221.7,269.4,317,215.5
2024-11-26 17:34:41,228.9,216.4,237,231.4,232.6,338,249.1,330,221.7,243.5,305,215.5
2024-11-26 17:34:43,234.9,259.4,219,232.4,273.7,330,249.1,327,226.7,249.5,328,228.5
2024-11-26 17:34:45,252.9,221.4,237,236.4,240.6,328,258.1,347,213.7,264.5,328,268.5
2024-11-26 17:34:47,224.9,239.4,239,245.4,229.6,331,265.1,351,196.7,235.5,325,295.5
2024-11-26 17:34:48,235.9,229.4,253,215.4,236.7,323,230.1,356,197.7,279.5,325,250.5
2024-11-26 17:34:50,256.9,228.4,248,253.4,246.6,328,260.1,326,212.7,246.5,324,217.5
2024-11-26 17:34:52,253.9,245.4,248,230.4,219.6,336,223.1,314,198.7,265.5,332,231.5
2024-11-26 17:34:54,245.9,220.4,255,234.4,276.6,327,260.1,342,212.7,250.5,328,258.5
2024-11-26 17:34:55,265.9,240.4,239,215.4,249.7,334,269.1,345,231.7,256.5,344,233.5
2024-11-26 17:34:57,242.9,281.4,260,220.4,236.7,347,253.1,350,232.7,230.5,314,245.5
2024-11-26 17:34:59,237.9,239.4,224,225.4,242.6,356,261.1,332,239.7,253.5,326,241.5
2024-11-26 17:35:01,235.9,241.4,233,226.4,233.6,316,261.2,344,215.7,251.6,291,246.5
2024-11-26 17:35:02,245.9,247.4,251,233.4,232.6,353,252.1,348,228.7,224.5,320,231.5
2024-11-26 17:35:04,238.9,213.4,240,234.4,212.6,321,271.1,340,219.7,278.5,304,249.5
2024-11-26 17:35:06,247.9,236.4,227,225.4,219.6,323,268.1,317,222.7,258.5,342,237.5
2024-11-26 17:35:08,244.9,228.5,230,252.4,237.6,328,209.1,340,196.7,265.5,310,222.5
2024-11-26 17:35:09,230.9,248.4,230,219.4,226.6,335,240.1,344,224.7,247.5,317,233.5
2024-11-26 17:35:11,221.9,251.4,227,241.4,280.6,298,229.1,335,224.7,274.5,304,220.5
2024-11-26 17:35:13,264.9,245.4,212,228.4,247.6,361,239.1,344,230.7,258.5,303,226.5
2024-11-26 17:35:15,244.9,255.4,224,199.4,249.6,360,244.1,353,212.7,273.5,308,226.5
2024-11-26 17:35:16,230.9,252.4,254,233.4,238.6,329,248.1,358,211.7,254.5,297,227.5
2024-11-26 17:35:18,252,214.4,243,227.4,254.7,327,246.1,341,202.7,258.5,315,227.5
2024-11-26 17:35:20,229.9,231.5,234,223.4,249.7,342,293.1,327,213.7,243.5,307,243.5
2024-11-26 17:35:22,233.9,223.4,225,210.4,236.7,324,252.1,343,210.7,274.5,322,222.5
2024-11-26 17:35:23,256.9,225.5,222,235.4,252.7,325,246.1,297,200.7,255.5,301,250.5
2024-11-26 17:35:25,243.9,229.4,240,218.4,218.7,343,275.1,353,201.7,287.5,335,237.5
2024-11-26 17:35:27,248.9,222.5,259,239.4,240.7,342,234.1,342,226.7,281.5,321,225.5
2024-11-26 17:35:29,237.9,234.5,219,234.4,223.6,326,274.1,335,217.7,262.5,332,211.5
2024-11-26 17:35:30,240,219.4,244,258.4,246.7,331,250.1,327,219.7,256.5,305,229.5
2024-11-26 17:35:32,242,250.4,254,232.4,216.7,346,264.1,326,221.7,251.5,332,239.5
2024-11-26 17:35:34,253.9,251.4,253,227.4,240.7,303,243.1,332,229.7,270.5,320,218.5
2024-11-26 17:35:36,247.9,222.4,251,267.4,245.7,326,270.1,332,217.7,250.5,306,233.5
2024-11-26 17:35:37,226.9,241.4,225,229.4,224.7,321,252.1,344,205.7,249.5,291,256.5
2024-11-26 17:35:39,229.9,226.4,233,227.4,244.7,315,221.1,328,226.7,294.5,351,246.5
2024-11-26 17:35:41,211.9,233.4,226,218.4,241.7,312,267.1,341,199.7,271.5,332,247.5
2024-11-26 17:35:43,243.9,232.4,208,230.5,244.6,316,239.1,343,209.7,265.5,312,234.5
2024-11-26 17:35:44,245.9,239.4,254,240.4,258.7,344,259.1,344,255.7,248.5,333,242.5
2024-11-26 17:35:46,231.9,208.4,246,224.4,247.7,336,224.1,360,218.7,280.5,320,230.5
2024-11-26 17:35:48,225.9,249.4,233,211.4,245.6,334,244.1,325,220.7,248.5,327,225.5
2024-11-26 17:35:50,219.9,260.4,229,249.4,233.6,299,258.1,320,218.7,266.5,283,247.5
2024-11-26 17:35:51,259.9,229.4,225,223.4,207.7,334,241.1,330,192.7,260.5,316,229.5
2024-11-26 17:35:53,233.9,239.4,230,255.4,218.6,350,271.1,343,240.7,248.5,324,270.5
2024-11-26 17:35:55,239.9,236.4,239,211.4,214.6,311,249.1,358,214.8,257.5,318,229.5
2024-11-26 17:35:57,241.9,227.4,240,238.4,221.6,335,232.1,350,214.7,243.5,338,256.5
2024-11-26 17:35:58,262.9,222.4,266,217.4,208.6,318,261.1,328,210.7,262.5,321,225.5
2024-11-26 17:36:00,245.9,226.4,262,223.4,228.6,328,241.1,325,213.7,308.5,327,243.5
2024-11-26 17:36:02,210.9,221.4,231.1,221.4,235.6,330,259.1,359,238.7,259.5,331,232.5
2024-11-26 17:36:04,242.9,227.4,251,265.4,245.6,310,244.1,348,211.8,275.5,324,217.5
2024-11-26 17:36:05,229.9,202.4,216,232.4,226.6,324,254.1,352,222.8,249.5,328,214.5
2024-11-26 17:36:07,256.9,222.4,256,236.4,242.6,313,264.1,342,228.8,248.5,310,211.5
2024-11-26 17:36:09,245.9,234.5,224,219.4,234.7,324,251.1,351,207.7,262.5,316,229.5
2024-11-26 17:36:11,278.9,234.5,235,229.4,238.6,351,252.1,345,196.7,264.5,330,250.5
2024-11-26 17:36:12,234.9,222.4,240,214.4,246.6,304,243.1,351,201.7,229.5,299,251.6
2024-11-26 17:36:14,219.9,234.4,224,215.4,242.6,339,224.1,333,178.7,262.5,339,241.5
2024-11-26 17:36:16,222.9,235.4,246,226.4,246.7,329,270.1,349,222.8,265.5,319,219.5
2024-11-26 17:36:18,265.9,233.4,251,219.4,241.6,337,256.1,330,204.7,271.5,324,245.5
2024-11-26 17:36:19,241.9,238.4,244,203.4,248.7,337,246.1,324,228.7,263.5,324,227.5
2024-11-26 17:36:21,230.9,235.4,253,221.4,233.7,317,260.1,333,217.7,270.5,352,239.5
2024-11-26 17:36:23,260.9,225.4,263,204.4,222.6,338,244.1,327,215.7,243.5,309,257.5
2024-11-26 17:36:25,262.9,249.4,228,208.4,255.7,316,237.1,334,215.7,267.5,302,199.5
2024-11-26 17:36:26,233.9,210.4,230,205.4,213.7,333,255.1,344,224.7,266.5,310,227.5
2024-11-26 17:36:28,252.9,261.4,235,235.4,233.7,327,246.1,330,202.7,251.5,307,233.5
2024-11-26 17:36:30,235.9,242.4,241,219.4,258.7,339,261.1,340,232.7,251.5,333,238.5
2024-11-26 17:36:32,255.9,238.4,284.1,216.4,240.7,340,246.1,333,225.7,257.5,306,239.5
2024-11-26 17:36:33,237.9,227.4,255,228.4,246.7,343,254.1,331,234.7,263.5,355,227.5
2024-11-26 17:36:35,224.9,248.4,230,239.4,240.7,324,270.1,324,225.7,251.5,327,257.5
2024-11-26 17:36:37,222.9,227.4,239,213.4,230.7,346,244.1,324,201.7,272.5,333,233.5
2024-11-26 17:36:39,249.9,216.4,252,222.4,234.7,322,236.1,354,224.7,270.5,331,245.5
2024-11-26 17:36:40,269.9,218.4,247,209.4,224.7,325,258.1,364,243.7,248.5,321,208.5
2024-11-26 17:36:42,224.9,233.4,249,237.4,213.7,339,269.1,345,190.7,285.5,333,238.5
2024-11-26 17:36:44,253.9,262.5,230,240.4,236.7,331,257.1,352,217.7,288.5,317,241.5
2024-11-26 17:36:46,263.9,252.4,232,206.4,239.7,319,226.1,347,222.7,254.5,328,262.5
2024-11-26 17:36:47,242.9,217.4,240,237.4,230.7,317,241.1,344,225.7,255.5,308,208.5
2024-11-26 17:36:49,224.9,220.4,218,215.4,243.7,336,236.1,357,221.7,275.5,327,216.5
2024-11-26 17:36:51,253.9,238.4,246,210.4,224.6,317,284.1,360,232.7,242.5,344,222.5
2024-11-26 17:36:53,262.9,236.4,215,218.4,238.6,335,240.1,342,219.7,245.5,320,226.5
2024-11-26 17:36:54,249.9,219.4,261,240.4,245.6,340,236.1,349,215.7,284.5,332,260.5
2024-11-26 17:36:56,230.9,227.4,247,243.4,226.6,321,267.1,346,239.7,272.5,338,228.5
2024-11-26 17:36:58,230.9,257.4,241,223.4,237.7,333,256.1,350,235.7,251.5,320,224.5
2024-11-26 17:36:59,212.9,222.4,255,202.4,234.7,331,245.2,349,212.7,246.5,316,223.5
2024-11-26 17:37:01,254.9,246.4,223,212.4,255.7,344,266.1,343,202.7,271.5,304,252.5
2024-11-26 17:37:03,229.9,237.4,249.1,226.4,241.8,324,246.1,331,188.7,242.5,300,227.5
2024-11-26 17:37:05,261.9,227.4,257,211.4,215.7,320,238.1,325,183.7,289.5,316,239.5
2024-11-26 17:37:06,239.9,230.4,236,240.4,246.7,331,253.1,374,206.7,249.5,337,214.5
2024-11-26 17:37:08,252.9,224.4,252,223.4,233.7,334,243.1,341,229.7,253.5,314,212.5
2024-11-26 17:37:10,221.9,228.4,210,242.4,228.7,334,244.1,321,203.7,248.5,284,256.5
2024-11-26 17:37:12,247.9,226.4,226,230.4,233.6,345,239.1,343,249.7,250.5,325,258.5
2024-11-26 17:37:13,247.9,216.4,259,230.4,248.7,325,240.1,341,210.7,254.5,322,238.5
2024-11-26 17:37:15,250.9,197.4,247,203.4,251.7,335,269.1,351,198.7,259.5,328,222.5
2024-11-26 17:37:17,248.9,227.4,226,242.4,251.7,357,245.1,329,200.8,264.5,325,235.5
2024-11-26 17:37:19,233.9,223.4,217,248.4,252.7,332,245.1,323,219.7,255.5,327,247.5
2024-11-26 17:37:20,237.9,229.5,223,221.4,233.7,334,269.1,337,223.7,259.5,321,221.5
2024-11-26 17:37:22,233.9,225.4,238,241.4,237.7,337,244.1,353,213.7,262.5,320,246.5
2024-11-26 17:37:24,247.9,238.4,228,225.4,248.7,327,272.1,385,206.7,257.5,329,284.5
2024-11-26 17:37:26,233.9,244.4,221,225.4,252.7,347,252.1,356,200.7,254.5,321,245.5
2024-11-26 17:37:27,220.9,239.4,239,239.4,246.7,325,260.1,365,193.7,266.5,332,251.5
2024-11-26 17:37:29,234.9,241.4,228,220.4,208.7,324,250.1,327,206.7,277.5,325,251.5
2024-11-26 17:37:31,248.9,231.4,243,224.4,224.7,328,247.1,328,211.7,246.5,322,247.7
2024-11-26 17:37:33,247.9,233.4,235,225.4,238.7,325,236.1,344,229.7,250.5,323,234.5
2024-11-26 17:37:34,242.9,215.4,234,248.4,236.7,351,256.1,370,227.7,261.5,312,237.5
2024-11-26 17:37:36,252.9,231.5,208,241.4,237.7,315,266.1,342,205.7,252.5,349,236.5
2024-11-26 17:37:38,227.9,232.4,224,233.4,223.7,326,288.1,374,227.7,255.5,318,229.5
2024-11-26 17:37:40,243.9,253.4,227,233.4,246.7,320,255.1,342,217.7,281.5,315,219.5
2024-11-26 17:37:41,243.9,224.4,248,217.4,216.7,324,243.1,353,222.7,252.5,352,262.5
2024-11-26 17:37:43,226.9,249.4,233,210.4,237.7,335,274.1,322,231.7,264.5,359,271.5
2024-11-26 17:37:45,245.9,271.4,255,225.4,264.7,354,226.1,350,206.7,248.5,311,254.5
2024-11-26 17:37:47,230,223.4,198,219.4,253.7,315,240.1,363,202.7,280.5,304,219.5
2024-11-26 17:37:48,265.9,230.4,214,260.4,237.7,316,248.1,336,213.7,273.5,315,238.5
2024-11-26 17:37:50,233.9,231.4,218,244.4,230.7,334,282.1,344,225.7,296.5,313,235.5
2024-11-26 17:37:52,253.9,245.4,245,257.4,209.7,311,260.1,337,214.7,246.5,292,241.5
2024-11-26 17:37:54,234.9,220.4,243,235.4,226.7,324,248.1,328,212.7,262.5,316,267.5
2024-11-26 17:37:55,230.9,224.4,248,236.4,237.7,336,244.1,359,223.7,255.5,340,237.5
2024-11-26 17:37:57,254.9,200.5,234,222.4,250.8,333,262.1,354,210.7,252.5,297,251.5
2024-11-26 17:37:59,237.9,229.4,240,232.5,256.7,340,242.1,341,215.7,278.5,343,226.5
2024-11-26 17:38:01,258.9,241.5,238,207.4,215.7,321,246.1,349,218.7,265.5,328,221.5
2024-11-26 17:38:02,245.9,235.4,268,235.4,243.7,311,243.1,348,239.7,261.5,319,232.5
2024-11-26 17:38:04,250.9,234.4,225,235.4,254.7,316,253.1,351,184.7,257.5,321,254.5
2024-11-26 17:38:06,242.9,268.4,236,238.4,261.7,321,255.1,342,220.7,261.5,299,214.5
2024-11-26 17:38:08,229.9,236.4,210,231.4,244.6,364,255.1,346,226.7,270.5,348,265.5
2024-11-26 17:38:09,257.9,221.4,229,214.4,237.7,325,233.1,333,200.7,252.5,353,259.5
2024-11-26 17:38:11,262.9,204.4,203,216.4,227.6,333,236.1,354,212.7,267.5,290,227.5
2024-11-26 17:38:13,240.9,209.4,228,226.4,220.6,305,254.1,337,225.7,274.5,329,250.5
2024-11-26 17:38:15,235.9,246.4,260,222.4,252.7,327,244.1,357,231.7,255.5,314,230.5
2024-11-26 17:38:16,246.9,230.4,243,223.4,255.7,330,244.1,330,234.7,265.5,309,228.5
2024-11-26 17:38:18,233.9,273.4,235,224.4,234.7,319,256.1,334,237.7,267.5,311,228.5
2024-11-26 17:38:20,259.9,237.4,241,211.4,251.7,321,250.1,344,221.7,277.5,348,255.5
2024-11-26 17:38:22,234.9,246.5,257,235.4,279.7,300,244.1,333,198.7,232.5,307,234.5
2024-11-26 17:38:23,265.9,257.4,253,232.4,219.7,326,246.1,336,227.7,242.5,311,240.5
2024-11-26 17:38:25,239.9,230.4,224,219.4,246.7,331,250.1,337,218.7,266.5,327,246.5
2024-11-26 17:38:27,255.9,235.5,227,228.4,246.7,334,259.1,320,217.7,261.5,338,244.5
2024-11-26 17:38:29,235.9,238.4,221,216.4,271.7,306,242.1,347,218.7,268.5,319,232.5
2024-11-26 17:38:30,251.9,249.4,240,246.4,252.7,329,244.1,348,211.7,250.5,328,207.5
2024-11-26 17:38:32,237.9,229.4,231,230.4,254.7,317,229.1,344,216.7,252.5,324,227.5
2024-11-26 17:38:34,259.9,222.4,212,231.4,252.7,315,302.1,336,198.7,264.5,343,234.5
2024-11-26 17:38:36,262.9,226.4,254,215.4,239.7,343,261.1,319,199.7,275.5,322,230.5
2024-11-26 17:38:37,243.9,210.4,230,233.4,227.7,335,255.1,327,218.7,246.5,314,242.5
2024-11-26 17:38:39,242.9,230.4,262,225.4,230.7,350,250.1,326,217.7,292.5,331,223.5
2024-11-26 17:38:41,249.9,227.4,229,227.4,239.6,313,238.1,324,246.7,275.5,326,221.5
2024-11-26 17:38:43,223.9,247.5,215,275.4,239.7,317,273.1,353,202.7,240.5,323,264.5
2024-11-26 17:38:44,238.9,228.5,244,216.5,256.6,323,276.1,371,222.7,263.5,295,256.5
2024-11-26 17:38:46,289.9,218.4,257,217.5,249.6,310,248.1,318,217.7,257.5,313,212.5
2024-11-26 17:38:48,227.9,222.5,268,238.4,214.6,331,223.1,335,210.7,259.5,311,232.5
2024-11-26 17:38:50,242.9,223.4,250,249.4,223.7,334,254.1,327,248.7,247.5,323,219.5
2024-11-26 17:38:51,239.9,225.4,219,217.4,249.6,323,246.1,362,218.7,255.5,349,213.5
2024-11-26 17:38:53,237,261.4,239,221.4,257.6,320,250.1,349,215.7,242.5,334,242.5
2024-11-26 17:38:55,247.9,237.4,233,228.4,255.6,311,255.1,317,202.7,254.5,321,231.5
2024-11-26 17:38:57,259.9,211.4,232,239.4,219.7,329,275.1,341,223.7,264.5,327,236.5
2024-11-26 17:38:58,239.9,249.4,240,233.4,235.7,317,223.1,347,212.7,253.5,352,246.5
2024-11-26 17:39:00,233.9,237.4,226,219.4,219.7,310,258.1,346,230.7,267.5,336,233.5
2024-11-26 17:39:02,249.9,227.4,258,218.4,221.7,324,258.1,333,232.7,287.5,314,227.5
2024-11-26 17:39:04,247.9,236.5,233,201.4,230.7,316,248.1,346,216.7,281.5,311,232.5
2024-11-26 17:39:05,245.9,217.4,235,224.4,236.7,347,250.1,351,223.7,269.5,326,218.5
2024-11-26 17:39:07,215.9,221.4,223,223.4,264.7,333,244.1,349,189.7,258.5,329,206.5
2024-11-26 17:39:09,220.9,190.4,232,252.4,224.7,332,237.1,353,211.7,243.5,339,241.5
2024-11-26 17:39:11,223.9,218.4,231,226.4,227.7,325,251.1,317,197.7,244.5,322,239.5
2024-11-26 17:39:12,226.9,222.5,239,231.4,262.7,338,249.1,330,221.7,277.5,322,261.5
2024-11-26 17:39:14,222.9,238.4,228,254.5,229.7,319,249.1,331,230.7,246.5,337,237.5
2024-11-26 17:39:16,260.9,221.5,236,237.4,242.7,319,260.1,327,196.7,255.5,316,258.5
2024-11-26 17:39:18,226.9,239.4,231,209.4,228.7,333,253.1,349,230.7,250.5,307,207.5
2024-11-26 17:39:19,240.9,242.5,249,218.4,259.7,332,243.1,335,230.7,242.5,332,224.5
2024-11-26 17:39:21,228.9,239.4,225,235.4,239.7,320,232.1,342,184.7,254.5,345,212.5
2024-11-26 17:39:23,266.9,218.4,242,238.4,238.7,317,241.1,367,212.7,249.5,313,227.5
2024-11-26 17:39:25,247.9,217.4,257,221.4,227.7,309,279.1,346,212.7,255.5,324,254.5
2024-11-26 17:39:26,254.9,209.4,224,252.4,240.7,321,269.1,353,203.7,249.5,331,244.5
2024-11-26 17:39:28,243.9,227.4,234,246.4,257.7,293,241.1,347,221.7,246.5,334,224.5
2024-11-26 17:39:30,227.9,254.4,246,250.4,218.7,310,244.1,358,208.7,255.5,320,231.5
2024-11-26 17:39:32,229.9,225.4,250.1,225.4,228.7,331,288.1,373,200.7,262.5,356,240.5
2024-11-26 17:39:33,227.9,218.4,264,240.4,248.7,310,231.1,317,210.7,243.5,341,254.5
2024-11-26 17:39:35,239.9,213.4,233,248.4,249.7,351,235.1,349,198.7,255.5,308,250.5
2024-11-26 17:39:37,256.9,229.4,221,230.4,241.7,318,252.1,340,219.7,270.5,321,229.5
2024-11-26 17:39:39,231.9,224.4,250,242.4,241.7,320,248.1,348,199.7,287.5,298,215.5
2024-11-26 17:39:40,245.9,217.4,233,208.4,232.7,318,258.1,338,206.7,277.5,329,253.5
2024-11-26 17:39:42,235.9,248.4,218,205.4,221.6,343,254.1,356,224.7,243.5,359,244.5
2024-11-26 17:39:44,238.9,204.5,238,216.4,261.7,333,254.1,339,223.7,240.4,330,254.5
2024-11-26 17:39:46,248.9,230.4,243,235.4,251.7,323,261.1,328,200.7,244.5,320,216.5
2024-11-26 17:39:47,227.9,201.4,234,242.4,228.7,328,228.1,334,234.7,250.5,313,250.5
2024-11-26 17:39:49,224.9,217.4,230,237.4,237.7,319,283.1,322,219.7,257.5,319,234.5
2024-11-26 17:39:51,271.9,228.5,243,211.4,233.7,332,243.1,336,188.7,271.5,309,220.5
2024-11-26 17:39:53,245.9,237.5,232,238.4,251.7,348,225.1,347,233.7,263.5,308,263.5
2024-11-26 17:39:54,233.9,203.4,222,219.4,213.7,304,248.1,362,216.7,256.5,329,222.5
2024-11-26 17:39:56,253.9,237.4,219,242.5,228.7,314,253.1,359,225.7,246.5,339,248.5
2024-11-26 17:39:58,233.9,242.4,244,212.5,240.7,292,253.1,337,207.7,251.5,311,237.5
2024-11-26 17:40:00,239.9,219.4,234,234.4,226.7,312,232.1,344,211.7,262.5,338,236.5
2024-11-26 17:40:01,244.9,237.4,229,253.4,270.7,331,248.1,343,206.7,268.5,313,240.5
2024-11-26 17:40:03,240.9,240.4,234,220.5,236.7,331,243.1,351,238.7,259.5,321,235.5
2024-11-26 17:40:05,287.9,221.4,261,245.5,249.7,321,248.1,326,188.7,245.4,317,225.5
2024-11-26 17:40:07,232.9,221.4,244.1,251.5,269.7,331,232.1,357,214.7,245.5,336,225.5
2024-11-26 17:40:08,235.9,251.4,245,215.4,245.7,336,264.1,340,218.7,254.5,324,231.5
2024-11-26 17:40:10,240.9,229.4,234,228.4,254.7,324,266.1,359,207.7,263.5,331,228.5
2024-11-26 17:40:12,250.9,246.4,246,240.4,236.7,342,251.1,334,210.7,281.6,326,221.5
2024-11-26 17:40:14,260.9,238.4,230,244.4,241.7,328,238.1,347,212.7,242.5,307,262.5
2024-11-26 17:40:15,202.9,235.4,241,212.4,207.7,310,258.1,350,240.7,227.5,304,266.5
2024-11-26 17:40:17,233.9,194.4,248,217.4,234.7,346,237.1,357,222.1,267.6,347,253.5
2024-11-26 17:40:19,263,247.4,242,225.5,253.7,324,245.1,352,227.7,291.5,329,232.5
2024-11-26 17:40:21,247.9,204.4,225,234.4,244.7,323,262.1,361,213.7,257.5,348,227.5
2024-11-26 17:40:22,235.9,228.4,225,240.4,244.7,319,221.1,366,202.7,269.5,302,243.5
2024-11-26 17:40:24,218.9,220.5,251.1,235.4,258.7,306,265.1,333,201.7,249.5,355,217.5
2024-11-26 17:40:26,266.9,215.4,232,223.4,252.7,337,268.1,353,228.7,280.6,330,248.5
2024-11-26 17:40:28,261.9,237.4,268,232.4,259.7,332,258.1,352,221.7,246.5,314,230.5
2024-11-26 17:40:29,235.9,216.4,212,201.4,228.7,344,267.1,333,219.7,262.5,315,239.5
2024-11-26 17:40:31,241.9,261.5,240,214.4,212.7,349,250.1,353,212.7,232.5,331,225.5
2024-11-26 17:40:33,230.9,227.4,239,231.4,223.7,313,250.1,327,200.7,261.5,308,248.5
2024-11-26 17:40:35,228.9,239.4,241,212.4,257.7,362,241.1,362,232.7,248.5,298,256.5
2024-11-26 17:40:36,231.9,219.4,242,225.4,230.7,316,260.1,324,205.7,272.5,327,224.5
2024-11-26 17:40:38,250.9,231.4,235,240.4,251.7,319,254.1,330,204.7,247.5,314,253.5
2024-11-26 17:40:40,217.9,233.4,258,229.4,235.7,354,253.1,347,230.7,268.5,306,219.5
2024-11-26 17:40:42,247.9,214.4,236,223.4,246.6,342,258.1,344,229.7,271.5,332,239.5
2024-11-26 17:40:43,245.9,240.5,256,229.4,242.7,332,236.1,348,219.7,258.5,308,249.5
2024-11-26 17:40:45,271.9,217.4,254,229.4,242.7,340,245.1,334,209.7,267.5,319,213.5
2024-11-26 17:40:47,241.9,235.4,236,221.4,227.7,354,261.1,320,196.7,257.5,329,218.5
2024-11-26 17:40:49,230.9,245.4,253,236.4,207.6,321,261.1,351,226.7,230.5,344,225.5
2024-11-26 17:40:50,243.9,248.4,242,240.4,234.7,330,252.1,333,233.7,267.5,333,236.5
2024-11-26 17:40:52,245.9,226.4,244,232.4,236.7,327,249.1,342,210.7,277.6,308,245.5
2024-11-26 17:40:54,224.9,255.4,247,230.4,230.7,302,250.1,347,217.7,264.5,307,241.5
2024-11-26 17:40:56,241.9,256.4,232,196.4,215.7,324,246.1,335,205.7,257.5,330,234.5
2024-11-26 17:40:57,215.9,223.4,267,210.4,216.7,340,267.1,347,228.7,258.5,341,225.5
2024-11-26 17:40:59,248.9,225.4,229,230.4,239.7,319,261.1,326,240.7,271.5,318,227.5
2024-11-26 17:41:01,237.9,242.5,241,248.4,265.7,290,258.1,338,216.7,274.5,315,233.5
2024-11-26 17:41:03,242.9,227.4,245,226.5,237.6,338,265.1,341,249.7,277.5,336,222.5
2024-11-26 17:41:04,249.9,208.4,230,231.5,220.7,332,258.1,339,218.7,251.5,329,222.5
2024-11-26 17:41:06,218.9,231.4,233,204.5,228.7,336,251.1,319,218.7,236.5,312,234.5
2024-11-26 17:41:08,235.9,218.4,241,220.4,223.7,336,249.1,319,241.7,265.5,330,252.5
2024-11-26 17:41:10,226.9,247.1,253,260.4,242.7,304,244.1,359,231.7,267.5,328,218.5
2024-11-26 17:41:11,246.9,216.4,230,226.4,214.7,333,244.1,331,231.7,270.5,293,227.5
2024-11-26 17:41:13,245.9,212.4,254,219.4,229.7,327,270.1,354,210.7,274.5,321,241.5
2024-11-26 17:41:15,251.9,222.4,236,252.4,239.7,313,241.1,380,234.7,259.5,303,221.5
2024-11-26 17:41:17,239.9,234.4,237,219.4,230.7,325,231.1,354,213.7,247.5,316,213.5
2024-11-26 17:41:18,277.9,208.4,231,220.4,233.7,322,261.1,375,221.7,234.5,342,261.5
2024-11-26 17:41:20,237.9,229.4,253,244.4,242.7,338,266.1,354,247.7,242.5,300,238.5
2024-11-26 17:41:22,235.9,253.4,238,229.4,241.7,333,262.1,338,199.7,263.5,317,207.5
2024-11-26 17:41:24,212.9,219.4,239,220.4,238.6,352,246.1,351,211.7,268.5,315,214.5
2024-11-26 17:41:25,218.9,236.4,241,232.4,233.7,334,247.1,364,203.7,245.5,324,234.5
2024-11-26 17:41:27,249.9,227.4,225,231.4,251.7,354,239.1,319,215.7,264.6,335,214.5
2024-11-26 17:41:29,244.9,244.4,249,236.5,246.7,325,241.1,336,223.7,254.5,312,228.5
2024-11-26 17:41:31,240.9,252.4,239,224.4,247.6,322,239.1,350,212.7,266.5,300,249.5
2024-11-26 17:41:32,230.9,243.4,241,203.4,230.7,319,226.1,328,222.7,263.5,326,227.5
2024-11-26 17:41:34,243.9,230.4,250,230.4,257.7,328,247.1,333,248.7,265.5,333,233.5
2024-11-26 17:41:36,235.9,229.4,230,242.4,242.7,345,233.1,349,217.7,267.5,316,232.5
2024-11-26 17:41:38,243.9,228.4,225,241.4,260.6,321,246.1,346,196.7,264.5,324,238.5
2024-11-26 17:41:39,230.9,217.4,219,235.4,231.7,338,257.1,331,235.7,248.5,319,246.5
2024-11-26 17:41:41,235.9,231.4,253,229.4,246.7,318,247.1,321,210.7,240.5,295,240.5
2024-11-26 17:41:43,262.9,246.4,234,242.4,264.7,320,276.1,343,220.7,277.5,305,232.5
2024-11-26 17:41:45,239.9,258.4,218,220.5,233.6,323,249.1,354,195.7,278.5,311,258.5
2024-11-26 17:41:46,256.9,207.4,237,235.5,241.7,344,254.1,328,220.7,264.5,300,229.5
2024-11-26 17:41:48,252.9,223.4,217,222.5,244.7,334,266.1,349,213.7,264.5,353,214.5
2024-11-26 17:41:50,233.9,250.4,248,176.5,216.7,312,236.1,355,241.7,267.5,308,228.5
2024-11-26 17:41:52,241.9,223.4,234,230.5,222.7,316,242.1,370,197.7,243.5,309,226.5
2024-11-26 17:41:53,245.9,236.4,236,241.4,244.7,312,235.1,356,219.7,259.5,321,240.5
2024-11-26 17:41:55,238.9,199.4,241,237.5,234.7,318,241.1,321,201.7,244.5,321,250.5
2024-11-26 17:41:57,250.9,241.4,263,228.5,249.7,336,256.1,343,196.7,237.5,291,222.5
2024-11-26 17:41:59,241.9,206.4,226,218.4,200.6,321,263.1,348,202.7,247.5,312,227.5
2024-11-26 17:42:00,245.9,248.5,213,236.4,248.7,329,248.1,338,233.7,276.5,310,235.5
2024-11-26 17:42:02,223.9,226.4,236,232.4,251.7,327,244.1,336,209.7,283.5,324,220.5
2024-11-26 17:42:04,245.9,236.4,245,215.4,257.7,312,235.1,375,219.7,254.5,313,248.5
2024-11-26 17:42:06,254.9,226.5,246,214.4,231.6,340,263.1,334,216.7,272.5,314,220.5
2024-11-26 17:42:07,221.9,245.4,230,232.4,244.7,306,251.1,362,192.7,283.5,326,245.5
2024-11-26 17:42:09,235.9,235.4,224,234.4,252.7,320,252.1,330,241.7,266.5,314,232.5
2024-11-26 17:42:11,227.9,241.4,242,236.4,243.7,315,226.1,353,220.7,262.5,329,244.5
2024-11-26 17:42:13,209.9,232.4,235,257.4,240.6,338,252.1,309,241.7,264.5,327,237.5
2024-11-26 17:42:14,243.9,253.4,246,261.4,262.7,341,262.1,365,207.7,280.5,314,244.5
2024-11-26 17:42:16,253.9,237.4,216,215.4,230.7,324,257.1,337,212.7,267.5,324,224.5
2024-11-26 17:42:18,236.9,233.5,258,243.4,264.7,315,255.1,346,209.7,251.5,355,237.5
2024-11-26 17:42:20,237.9,207.4,239,227.4,238.3,333,260.1,332,231.7,248.5,318,238.5
2024-11-26 17:42:21,241.9,233.4,249,232.4,219.7,335,231.1,337,217.7,233.5,330,206.5
2024-11-26 17:42:23,236.9,246.4,266,233.4,226.7,315,244.1,314,188.7,242.5,295,223.5
2024-11-26 17:42:25,244.9,230.4,256,231.4,247.7,325,271.1,322,211.7,262.5,324,245.5
2024-11-26 17:42:27,235.9,244.4,234,248.4,233.7,331,247.1,348,218.7,263.5,317,219.5
2024-11-26 17:42:28,234.9,246.4,267,246.4,234.6,328,261.1,329,213.7,262.5,306,253.5
2024-11-26 17:42:30,231.9,247.4,237,240.4,226.6,342,265.1,339,195.7,244.5,295,241.5
2024-11-26 17:42:32,257.9,232.4,230,218.4,218.7,329,242.1,360,213.7,272.5,300,258.5
2024-11-26 17:42:34,240.9,223.5,232,246.4,247.7,317,260.1,349,252.7,260.5,325,268.5
2024-11-26 17:42:35,229.9,212.4,229,219.4,241.7,338,246.1,355,211.7,259.5,314,250.5
2024-11-26 17:42:37,242.9,225.4,241,244.4,242.6,325,270.1,349,235.7,270.5,321,236.5
2024-11-26 17:42:39,226.9,236.5,241,255.4,241.6,322,250.1,363,212.7,248.5,339,235.5
2024-11-26 17:42:41,247.9,218.4,207,207.4,235.6,341,248.1,328,218.7,280.5,328,222.5
2024-11-26 17:42:42,235.9,225.4,239,230.4,241.6,331,266.1,336,207.7,261.5,310,246.5
2024-11-26 17:42:44,236.9,228.4,230,219.4,253.6,302,263.1,319,204.7,247.5,322,238.5
2024-11-26 17:42:46,248.9,245.4,264,205.4,224.6,308,247.1,331,226.7,276.5,326,252.5
2024-11-26 17:42:48,228.9,224.5,234,220.5,247.6,320,234.1,354,206.7,266.5,309,242.5
2024-11-26 17:42:49,250,225.4,254,233.4,219.6,316,258.1,362,243.7,274.5,310,249.5
2024-11-26 17:42:51,236.9,217.4,239,241.5,243.6,322,232.1,355,210.7,260.5,328,219.5
2024-11-26 17:42:53,225.9,233.4,234,230.5,238.6,322,249.1,326,221.7,233.5,333,233.5
2024-11-26 17:42:55,233.9,256.4,251,224.4,240.7,348,232.1,332,201.7,253.5,307,220.5
2024-11-26 17:42:56,234.9,233.4,238,223.4,245.7,332,254.1,334,230.7,267.5,280,228.5
2024-11-26 17:42:58,240.9,263.4,232,227.4,226.6,324,255.1,333,235.7,243.5,313,221.5
2024-11-26 17:43:00,258.9,263.4,247,226.4,232.6,336,259.1,354,204.7,249.5,299,236.5
2024-11-26 17:43:02,228.9,241.4,249,208.5,241.7,304,254.1,358,199.7,288.5,320,216.5
2024-11-26 17:43:03,227.9,232.4,235,229.4,260.6,321,260.1,327,196.7,255.5,345,239.5
2024-11-26 17:43:05,232.9,230.4,250,235.4,242.6,355,233.1,348,206.7,244.5,292,249.5
2024-11-26 17:43:07,220.9,215.4,228.1,230.5,229.6,354,280.1,339,213.7,264.5,330,220.5
2024-11-26 17:43:09,245.9,242.5,236,248.4,230.7,321,270.1,344,238.7,276.5,330,229.5
2024-11-26 17:43:10,234.9,209.4,242,203.5,242.6,342,221.1,337,211.7,255.5,291,225.5
2024-11-26 17:43:12,254.9,240.4,222,232.4,240.6,345,255.1,369,213.7,259.5,296,242.5
2024-11-26 17:43:14,238.9,252.5,212,227.5,245.7,322,258.1,334,251.7,261.5,317,214.5
2024-11-26 17:43:16,239.9,182.4,252,203.4,225.7,326,259.1,324,220.7,266.5,332,235.5
2024-11-26 17:43:17,245.9,221.4,246,223.4,230.6,335,267.1,322,244.7,259.5,310,225.5
2024-11-26 17:43:19,241.9,219.4,246,234.4,239.7,308,250.1,361,206.7,260.5,342,214.5
2024-11-26 17:43:21,221.9,250.5,228,213.4,242.7,312,263.1,339,201.7,275.5,323,241.5
2024-11-26 17:43:23,268.9,222.5,229,209.4,251.7,328,252.1,329,215.7,273.5,330,239.5
2024-11-26 17:43:24,232.9,223.4,241,214.4,238.7,319,263.1,352,228.7,293.1,334,232.5
2024-11-26 17:43:26,239.9,230.4,258,234.4,230.7,318,250.1,309,222.7,261.5,342,207.5
2024-11-26 17:43:28,219.9,233.4,239,230.4,225.7,306,244.1,344,201.7,252.5,318,221.5
2024-11-26 17:43:30,221.9,248.4,233,221.4,249.7,336,236.1,340,218.7,251.5,305,233.5
2024-11-26 17:43:31,244.9,234.4,219,228.4,243.7,298,252.1,338,226.7,242.5,310,259.5
2024-11-26 17:43:33,253.9,237.4,244,229.4,237.7,324,250.1,342,214.7,260.5,338,228.5
2024-11-26 17:43:35,228.9,233.4,233.1,237.4,240.7,303,251.1,341,208.7,279.5,332,262.5
2024-11-26 17:43:37,244.9,209.4,234,219.4,255.7,310,240.1,342,225.7,257.5,302,257.5
2024-11-26 17:43:38,242.9,251.4,237,224.4,249.7,329,263.1,360,216.7,238.5,323,248.5
2024-11-26 17:43:40,250.9,223.4,231,252.4,218.7,354,270.1,337,229.7,265.5,308,223.5
2024-11-26 17:43:42,206.9,224.4,228,211.4,243.7,316,263.1,342,214.7,258.5,320,225.5
2024-11-26 17:43:44,270.9,265.4,218,206.4,231.7,322,282.1,361,201.7,253.5,330,236.5
2024-11-26 17:43:45,241.9,241.4,224,242.4,238.7,328,250.1,355,220.7,268.5,332,217.5
2024-11-26 17:43:47,245.9,226.4,244,243.4,240.7,335,261.1,347,209.7,258.5,305,251.5
2024-11-26 17:43:49,238.9,247.4,245.1,218.4,248.6,338,262.1,363,229.7,251.4,324,235.5
2024-11-26 17:43:51,232.9,240.5,239,233.4,268.7,346,261.1,335,214.7,285.5,335,215.5
2024-11-26 17:43:52,267.9,246.4,260,216.4,266.7,318,256.1,341,212.7,268.5,323,253.5
2024-11-26 17:43:54,234.9,218.4,247,225.4,244.7,334,246.1,351,221.7,269.5,340,245.5
2024-11-26 17:43:56,249.9,230.4,233,233.4,222.7,349,250.1,323,211.7,228.5,322,241.5
2024-11-26 17:43:57,244.9,227.4,234,242.4,232.7,335,251.1,366,204.7,273.5,328,226.5
2024-11-26 17:43:59,244.9,239.4,272,221.4,211.7,336,256.1,357,211.7,256.5,318,240.5
2024-11-26 17:44:01,252.9,215.4,225,222.4,254.7,360,269.1,348,205.7,258.5,343,239.5
2024-11-26 17:44:03,233.9,221.4,249,231.4,228.6,312,279.1,359,229.7,232.5,331,213.5
2024-11-26 17:44:04,255.9,214.4,268,242.5,252.7,317,262.1,340,219.7,244.5,332,241.5
2024-11-26 17:44:06,256.9,210.4,241,229.4,248.7,342,243.1,330,217.7,282.5,329,220.5
2024-11-26 17:44:08,234.9,245.4,252,209.4,238.7,323,250.1,349,224.7,253.5,316,233.5
2024-11-26 17:44:10,226.9,258.4,222,233.4,234.7,312,259.1,362,202.7,241.5,323,216.5
2024-11-26 17:44:11,239.9,238.4,262,235.4,258.7,340,283.1,348,239.7,285.5,330,230.5
2024-11-26 17:44:13,254.9,276.4,256,229.4,228.6,299,266.1,340,219.7,271.5,350,253.5
2024-11-26 17:44:15,225.9,223.4,244,214.4,221.7,365,249.1,353,234.7,273.5,325,223.5
2024-11-26 17:44:17,229.9,219.4,237,227.4,246.7,309,259.1,330,240.7,251.5,346,223.5
2024-11-26 17:44:18,222.9,254.4,227,231.4,222.7,341,263.1,354,182.7,270.5,318,257.5
2024-11-26 17:44:20,248.9,235.6,237,225.4,214.7,321,243.1,348,195.7,274.5,355,221.5
2024-11-26 17:44:22,228.9,230.4,247,228.4,231.7,340,264.1,332,226.7,262.5,280,239.5
2024-11-26 17:44:24,247.9,203.4,230.1,217.4,250.7,336,250.1,348,203.7,269.5,305,226.5
2024-11-26 17:44:25,229.9,231.4,274,187.5,224.6,309,275.1,343,212.7,218.5,327,229.5
2024-11-26 17:44:27,255.9,218.4,250,224.4,210.7,330,242.1,316,251.7,259.5,319,252.5
2024-11-26 17:44:29,231.9,211.4,224,235.4,238.7,330,266.3,332,241.7,276.5,315,233.5
2024-11-26 17:44:31,228.9,225.4,264,218.4,249.7,329,242.1,336,227.7,248.5,295,222.5
2024-11-26 17:44:32,222.9,231.5,235,233.4,227.7,321,253.1,381,225.7,234.5,320,215.5
2024-11-26 17:44:34,219.9,223.4,255,228.4,232.7,336,267.1,347,205.7,270.5,325,236.5
2024-11-26 17:44:36,243.9,228.4,225,209.4,249.7,328,251.1,362,222.7,251.5,313,216.5
2024-11-26 17:44:38,253.9,218.4,225,238.4,254.7,355,252.1,340,227.7,279.5,305,234.5
2024-11-26 17:44:39,250.9,214.4,239,237.4,242.7,313,255.1,350,194.7,248.5,302,209.5
2024-11-26 17:44:41,213.9,213.4,235,227.4,239.7,324,254.1,326,232.7,261.5,328,246.5
2024-11-26 17:44:43,235.9,239.4,254,228.4,220.7,323,234.1,350,206.7,262.5,331,229.5
2024-11-26 17:44:45,242.9,218.4,239,212.4,207.7,318,270.1,382,237.7,266.5,336,202.5
2024-11-26 17:44:46,244.9,216.4,239,222.4,255.7,320,230.1,314,199.7,244.5,315,237.5
2024-11-26 17:44:48,210.9,202.4,263,214.4,225.7,320,281.1,345,221.7,248.5,316,228.5
2024-11-26 17:44:50,245.9,227.4,220,236.4,224.7,351,252.1,350,214.7,238.5,318,225.5
2024-11-26 17:44:52,244.9,211.4,239,221.4,268.7,330,263.1,339,240.7,253.5,325,243.5
2024-11-26 17:44:53,238.9,229.4,246,217.4,241.7,322,236.1,356,222.7,230.5,299,254.5
2024-11-26 17:44:55,235.9,239.4,263,222.4,245.7,321,266.1,366,226.7,268.5,330,252.5
2024-11-26 17:44:57,217.9,225.4,243,242.4,261.7,316,263.1,332,227.7,249.5,298,212.5
2024-11-26 17:44:59,222,220.4,230,248.4,254.7,329,233.1,332,213.7,258.5,308,237.5
2024-11-26 17:45:00,233.9,216.4,262,217.4,235.7,329,242.1,335,237.7,249.5,314,274.5
2024-11-26 17:45:02,249.9,218.4,237,251.4,231.6,303,229.1,340,245.7,257.5,322,236.5
2024-11-26 17:45:04,270.9,239.4,254,217.4,226.7,329,263.1,335,221.7,284.5,322,247.5
2024-11-26 17:45:06,249.9,195.4,245,230.4,227.7,315,248.1,335,206.7,249.5,334,246.5
2024-11-26 17:45:07,246.9,214.5,267,227.4,271.7,303,221.1,345,207.7,270.5,344,254.5
2024-11-26 17:45:09,230.9,203.5,239,255.4,211.7,314,253.1,358,211.7,252.5,326,215.5
2024-11-26 17:45:11,236.9,225.4,227,217.4,211.7,332,257.1,352,216.7,239.5,323,230.5
2024-11-26 17:45:13,262.9,253.4,280,221.4,198.7,319,254.1,335,221.7,277.5,313,244.5
2024-11-26 17:45:14,244.9,224.4,229,206.4,229.7,334,257.1,323,212.7,256.5,337,227.5
2024-11-26 17:45:16,238.9,242.4,234,248.4,263.7,310,218.1,360,235.7,258.5,335,227.5
2024-11-26 17:45:18,244.9,217.5,255,232.4,225.7,336,245.1,354,228.7,255.5,309,233.5
2024-11-26 17:45:20,245.9,206.6,221,234.4,242.7,317,251.1,335,242.7,260.5,315,220.5
2024-11-26 17:45:21,255.9,260.4,259,230.4,222.6,322,243.1,339,227.7,263.5,319,248.5
2024-11-26 17:45:23,270.9,234.4,254,239.4,238.7,332,230.1,335,198.7,256.5,314,249.5
2024-11-26 17:45:25,247.9,209.4,218,219.4,249.7,304,242.1,339,234.7,268.5,334,250.5
2024-11-26 17:45:27,251.9,222.5,230,235.4,217.6,348,250.1,361,193.7,264.5,332,236.5
2024-11-26 17:45:28,263.9,231.4,217,220.4,261.7,359,234.1,326,195.7,259.5,346,231.5
2024-11-26 17:45:30,251.9,235.4,249,222.4,242.7,325,267.1,324,210.7,262.5,304,225.5
2024-11-26 17:45:32,213.9,227.4,260.1,217.4,250.7,338,250.1,387,229.7,239.5,309,250.5
2024-11-26 17:45:34,233.9,221.4,255,211.4,254.7,310,263.1,340,244.7,258.5,322,233.5
2024-11-26 17:45:35,256.9,219.4,238.1,242.4,209.7,336,253.1,332,228.7,244.5,340,235.5
2024-11-26 17:45:37,241.9,219.4,253,231.4,255.7,324,276.1,348,210.7,257.5,319,262.5
2024-11-26 17:45:39,245.9,215.4,227,218.4,276.3,334,254.1,364,230.7,290.5,326,229.5
2024-11-26 17:45:41,224.9,251.4,247,226.4,261.7,325,269.1,337,222.7,255.5,322,203.5
2024-11-26 17:45:42,263.9,232.4,233,228.4,218.7,293,245.1,329,207.7,237.5,336,217.5
2024-11-26 17:45:44,223.9,233.4,247,224.4,242.7,315,258.1,329,255.7,258.5,316,234.5
2024-11-26 17:45:46,227.9,224.4,224,243.4,242.7,335,237.1,354,229.7,258.5,329,219.6
2024-11-26 17:45:48,252.9,223.4,255,242.4,250.7,321,251.1,336,217.7,269.5,301,241.5
2024-11-26 17:45:49,245.9,226.4,262,223.4,259.7,328,256.1,328,246.7,266.5,345,228.5
2024-11-26 17:45:51,234.9,235.4,213,238.4,235.7,301,244.1,340,224.7,262.5,324,226.5
2024-11-26 17:45:53,207,235.4,229,223.4,245.7,299,264.1,336,230.7,269.5,339,248.5
2024-11-26 17:45:55,226.9,237.4,244,232.4,230.7,325,243.1,350,222.7,240.5,317,250.5
2024-11-26 17:45:56,261.9,240.4,235,240.4,226.7,312,246.1,340,198.7,259.5,317,227.5
2024-11-26 17:45:58,239.9,217.4,237,249.4,236.7,325,283.1,332,212.7,266.5,329,226.5
2024-11-26 17:46:00,243.9,241.4,202,213.4,237.7,309,246.1,343,220.7,253.5,313,251.5
2024-11-26 17:46:02,237.9,236.4,252,234.4,239.7,323,259.1,354,207.7,282.5,330,231.5
2024-11-26 17:46:03,224.9,238.4,209,237.4,227.6,318,234.1,337,223.7,258.5,346,218.5
2024-11-26 17:46:05,235.9,259.4,249,213.4,246.7,325,256.1,334,202.7,251.5,307,240.5
2024-11-26 17:46:07,237.9,241.4,232,246.4,225.7,335,239.1,365,247.7,246.5,321,224.5
2024-11-26 17:46:09,246.9,220,216,230.4,248.7,353,252.1,344,220.7,261.5,335,234.5
2024-11-26 17:46:10,211.9,248.4,264,222.4,237.7,317,248.1,373,202.7,249.5,298,260.5
2024-11-26 17:46:12,274.9,221.4,230,222.4,231.7,331,253.1,339,215.7,269.5,335,241.5
2024-11-26 17:46:14,236.9,216.4,228,234.4,242.7,298,247.1,333,193.7,260.5,322,227.5
2024-11-26 17:46:16,252.9,211.4,255,208.4,218.7,327,244.1,338,210.7,275.5,330,240.5
2024-11-26 17:46:17,259.9,216.4,247,243.4,220.7,315,257.1,334,228.7,250.5,318,240.5
2024-11-26 17:46:19,271.9,225.4,254,234.4,233.7,312,250.1,343,227.7,249.5,321,232.5
2024-11-26 17:46:21,213.9,228.4,268.2,221.4,227.7,319,259.1,315,218.7,266.5,322,233.5
2024-11-26 17:46:23,225.9,223.4,218,199.4,266.7,326,250.1,350,232.7,259.5,335,215.5
2024-11-26 17:46:24,246.9,212.4,239,238.4,252.7,310,246.1,329,216.7,237.5,316,223.5
2024-11-26 17:46:26,239.9,228.4,233,227.4,246.7,350,251.1,334,210.7,235.5,342,198.5
2024-11-26 17:46:28,237.9,236.4,239,243.4,240.7,308,251.1,319,199.7,254.5,295,226.5
2024-11-26 17:46:30,249.9,239.4,226,202.4,237.7,332,270.1,358,198.7,247.5,339,224.5
2024-11-26 17:46:31,249.9,251.4,246,227.4,216.7,339,249.1,350,209.7,255.5,338,244.5
2024-11-26 17:46:33,251.9,202.4,220,227.4,250.7,325,240.1,346,212.7,267.5,318,275.5
2024-11-26 17:46:35,227.9,228.4,219,233.4,244.7,313,254.1,321,220.7,281.5,304,239.5
2024-11-26 17:46:37,253.9,207.4,225,253.4,265.7,326,274.1,330,207.7,253.5,313,234.5
2024-11-26 17:46:38,223.9,219.4,262,253.4,221.7,291,279.1,351,212.7,263.5,333,232.5
2024-11-26 17:46:40,239.9,267.4,237,239.4,233.7,333,232.1,330,209.7,271.5,336,244.5
2024-11-26 17:46:42,239.9,206.4,249,241.4,216.7,344,243.1,326,214.7,258.5,336,230.5
2024-11-26 17:46:44,224.9,210.4,240,216.4,258.7,329,277.1,328,213.7,256.5,320,250.5
2024-11-26 17:46:45,240.9,225.4,251,251.4,257.7,297,273.1,363,234.7,252.5,305,231.5
2024-11-26 17:46:47,256.9,226.4,240,215.4,236.7,321,244.1,348,213.7,250.5,308,218.5
2024-11-26 17:46:49,240.9,221.4,255,236.4,222.7,330,257.1,330,214.7,247.5,333,229.5
2024-11-26 17:46:51,253.9,245.4,265,224.4,228.7,322,267.1,334,236.7,282.5,336,238.5
2024-11-26 17:46:52,274.9,221.4,250,239.4,235.7,318,261.1,344,225.7,261.5,289,251.5
2024-11-26 17:46:54,248.9,248.4,241,199.4,263.7,321,251.1,322,237.7,270.5,327,231.5
2024-11-26 17:46:56,242.9,231.4,246,253.4,241.7,340,258.1,330,234.7,277.5,332,234.5
2024-11-26 17:46:58,227.9,217.4,260,231.4,225.7,329,228.1,336,218.7,267.5,317,219.5
2024-11-26 17:46:59,230.9,219.4,244,218.4,236.7,321,258.1,341,217.7,244.5,311,222.5
2024-11-26 17:47:01,241.9,228.4,235,248.4,237.6,336,240.1,340,213.7,262.5,313,231.5
2024-11-26 17:47:03,237.9,240.4,253,223.4,225.7,340,264.1,330,213.7,248.5,328,261.5
2024-11-26 17:47:05,211.9,216.5,261,234.4,212.7,326,241.1,338,224.7,279.5,313,245.5
2024-11-26 17:47:06,268.9,242.4,249,242.4,217.7,331,271.1,330,210.7,251.5,330,230.5
2024-11-26 17:47:08,263.9,217.4,234,239.4,217.7,337,252.1,325,206.7,270.5,330,237.5
2024-11-26 17:47:10,244.9,231.4,214,218.4,256.7,320,232.1,331,213.7,242.5,325,217.5
2024-11-26 17:47:12,236.9,232.4,236,222.4,221.7,335,249.1,329,208.7,258.5,311,217.5
2024-11-26 17:47:13,259.9,216.4,237,223.4,269.7,322,264.1,326,216.7,266.5,331,215.5
2024-11-26 17:47:15,238.9,227.4,245,241.4,266.7,335,259.1,335,199.7,262.5,305,228.5
2024-11-26 17:47:17,228.9,218.4,247,222.4,233.7,324,250.1,370,228.7,255.5,344,233.5
2024-11-26 17:47:19,252.9,224.4,240,225.4,219.7,346,259.1,356,217.7,269.5,330,232.5
2024-11-26 17:47:20,215.9,242.4,233,210.4,243.7,350,242.1,350,199.7,278.5,326,244.5
2024-11-26 17:47:22,254.9,208.4,230,221.4,230.7,338,249.1,345,218.7,277.5,323,220.5
2024-11-26 17:47:24,252.9,222.4,226,229.4,239.7,316,259.1,372,233.7,248.5,323,242.5
2024-11-26 17:47:26,238.9,203.4,236,260.4,258.7,326,240.1,338,222.7,276.5,328,230.5
2024-11-26 17:47:27,228.9,240.4,257,222.4,240.7,363,251.1,348,217.7,226.5,307,221.5
2024-11-26 17:47:29,232.9,225.4,224,202.4,231.7,309,260.1,372,235.7,243.5,344,237.5
2024-11-26 17:47:31,248.9,239.4,260,223.4,246.7,334,242.1,351,187.7,267.5,310,224.5
2024-11-26 17:47:33,223.9,193.4,235,235.4,218.7,317,250.1,373,229.7,267.5,304,235.5
2024-11-26 17:47:34,250.9,241.4,259,238.4,257.7,333,241.1,334,214.7,261.5,310,233.5
2024-11-26 17:47:36,264.9,246.4,232,229.4,231.6,322,248.1,334,205.7,268.5,320,227.5
2024-11-26 17:47:38,240.9,229.4,228,206.4,227.7,322,251.1,362,239.7,277.5,299,219.5
2024-11-26 17:47:40,237.9,225.4,264,212.4,270.6,327,267.1,354,203.7,249.5,311,231.5
2024-11-26 17:47:41,256.9,228.4,205,213.4,223.7,363,250.1,337,212.7,270.5,327,238.5
2024-11-26 17:47:43,234.9,237.4,243,254.4,254.7,350,232.1,338,231.7,276.5,314,259.5
2024-11-26 17:47:45,237.9,221.4,224,206.4,233.7,337,254.1,330,224.7,264.5,318,238.5
2024-11-26 17:47:47,208.9,206.4,214,210.4,238.7,317,255.1,344,211.7,255.5,330,217.5
2024-11-26 17:47:48,241.9,240.4,265,256.4,240.7,337,268.1,324,222.7,259.5,300,272.5
2024-11-26 17:47:50,249.9,252.4,224,241.4,229.7,344,280.1,356,229.7,279.5,333,226.5
2024-11-26 17:47:52,231.9,217.4,247,237.4,218.7,324,240.1,355,214.7,250.5,311,237.5
2024-11-26 17:47:54,247.9,234.4,225,234.4,228.7,318,242.1,355,218.7,261.5,317,241.5
2024-11-26 17:47:55,217.9,232.4,214,251.4,234.7,355,246.1,338,199.7,268.5,291,219.5
2024-11-26 17:47:57,260.9,228.5,224,240.4,261.7,319,263.1,336,228.7,263.5,335,225.5
2024-11-26 17:47:59,263.9,209.4,241,234.4,212.6,336,252.1,368,205.7,270.5,340,248.5
2024-11-26 17:48:01,228.9,208.4,245,229.4,216.7,315,230.1,324,228.7,254.5,303,223.5
2024-11-26 17:48:02,225.9,233.4,248,252.4,243.7,317,248.1,337,219.7,262.5,303,223.5
2024-11-26 17:48:04,234.9,218.4,229,224.4,246.7,356,237.1,359,210.7,259.5,304,223.5
2024-11-26 17:48:06,234.9,238.4,231,229.4,227.7,351,263.1,325,229.7,267.5,330,217.5
2024-11-26 17:48:08,243.9,251.4,241,229.4,222.7,327,270.1,344,225.7,250.5,340,234.5
2024-11-26 17:48:09,238.9,235.4,268,242.4,251.7,346,269.1,367,244.7,264.5,315,220.5
2024-11-26 17:48:11,235.9,234.4,233,230.4,241.7,348,249.1,342,222.7,238.5,334,250.5
2024-11-26 17:48:13,239.9,239.4,219,237.4,247.7,311,259.1,359,212.7,237.5,354,238.5
2024-11-26 17:48:15,225.9,245.4,264,238.4,253.6,317,246.1,344,198.7,244.5,315,223.5
2024-11-26 17:48:16,246.9,245.4,214,249.4,226.7,347,242.1,339,219.7,247.5,315,227.5
2024-11-26 17:48:18,243.9,232.4,227,229.4,255.7,312,223.1,344,210.7,263.5,315,232.5
2024-11-26 17:48:20,229.9,249.4,240,205.4,244.7,326,229.1,353,210.7,264.5,315,221.5
2024-11-26 17:48:22,274.9,216.4,244,221.4,225.6,323,286.1,345,212.7,260.5,309,218.5
2024-11-26 17:48:23,258.9,225.4,230,234.4,254.7,332,267.1,345,202.7,234.5,335,215.5
2024-11-26 17:48:25,251.9,233.4,241,225.4,238.7,340,237.1,333,246.7,284.5,292,257.5
2024-11-26 17:48:27,227.9,205.5,230,216.4,240.7,326,255.1,343,223.7,283.5,313,236.5
2024-11-26 17:48:29,241.9,230.4,233,225.4,234.7,333,234.1,354,219.7,242.5,313,248.5
2024-11-26 17:48:30,251.9,219.4,231,229.4,232.7,307,272.1,350,223.7,277.5,314,218.5
2024-11-26 17:48:32,242.9,230.4,204,251.4,235.7,344,276.1,345,214.8,252.5,339,228.5
2024-11-26 17:48:34,231.9,258.4,272,215.4,235.7,337,256.1,321,215.7,265.5,288,250.5
2024-11-26 17:48:36,234.9,219.4,225,238.4,258.7,312,267.1,355,230.7,257.5,344,239.5
2024-11-26 17:48:37,225.9,218.4,230,201.4,250.7,334,265.1,328,200.7,270.5,342,221.5
2024-11-26 17:48:39,243.9,221.4,205,233.4,239.7,338,262.1,347,212.7,237.5,327,255.5
2024-11-26 17:48:41,236.9,244.4,240,239.4,232.7,337,236.1,331,238.7,245.5,329,243.5
2024-11-26 17:48:43,242.9,233.4,231,214.4,233.7,316,262.1,340,213.7,256.5,333,247.5
2024-11-26 17:48:44,237.9,227.4,252,217.4,259.6,326,236.1,315,243.7,255.5,322,234.5
2024-11-26 17:48:46,232.9,240.4,229,238.4,246.7,328,252.1,355,230.7,267.5,298,247.5
2024-11-26 17:48:48,232.9,196.4,250,234.4,247.6,334,258.1,356,210.7,254.5,294,230.5
2024-11-26 17:48:50,264.9,239.4,255,231.4,261.6,303,243.1,321,219.7,263.5,319,251.5
2024-11-26 17:48:51,233.9,250.4,244,216.4,233.7,321,275.1,345,210.7,252.5,319,251.5
2024-11-26 17:48:53,218.9,237.4,264,224.4,253.6,328,261.1,333,226.7,246.5,331,246.5
2024-11-26 17:48:55,248.9,218.4,260,215.4,218.7,344,254.1,340,212.7,272.5,340,221.5
2024-11-26 17:48:57,242.9,221.4,233,220.4,230.7,344,276.1,366,227.7,253.5,329,228.5
2024-11-26 17:48:58,243.9,251.4,273,208.4,248.7,362,232.1,368,201.7,253.5,324,221.5
2024-11-26 17:49:00,219.9,226.4,235,211.4,233.7,302,244.1,348,242.7,272.5,311,211.5
2024-11-26 17:49:02,262.9,220.4,225,228.4,221.7,319,235.1,324,222.7,242.5,301,235.5
2024-11-26 17:49:04,233.9,255.4,240,240.4,223.6,360,265.1,356,212.7,251.5,326,245.5
2024-11-26 17:49:05,224.9,222.4,239,236.4,248.6,321,278.1,373,213.7,248.5,305,228.5
2024-11-26 17:49:07,234.9,238.4,226,258.4,218.7,347,263.1,356,205.7,264.5,319,237.5
2024-11-26 17:49:09,258,240.4,245,252.4,231.7,292,230.1,321,195.7,263.5,314,225.5
2024-11-26 17:49:11,260.9,219.4,259,214.4,234.6,324,250.2,337,221.7,277.5,325,231.5
2024-11-26 17:49:12,254.9,233.4,238,225.4,224.7,325,232.1,324,208.7,259.5,343,232.5
2024-11-26 17:49:14,251.9,241.4,256,212.4,256.7,329,254.1,340,235.7,261.5,334,235.5
2024-11-26 17:49:16,237.9,224.4,222,225.4,238.7,326,240.1,347,197.7,274.5,304,242.5
2024-11-26 17:49:18,242.9,242.4,246,226.4,237.6,330,259.1,327,223.7,260.5,326,194.5
2024-11-26 17:49:19,266.9,224.4,221,249.4,229.7,334,235.1,349,220.7,241.5,333,225.5
2024-11-26 17:49:21,247.9,227.4,230,231.4,218.7,335,243.1,322,223.7,269.5,340,224.5
2024-11-26 17:49:23,249.9,233.4,215,221.4,255.7,325,265.1,337,216.7,266.5,319,254.5
2024-11-26 17:49:25,258.9,219.4,249,215.4,235.6,311,252.1,366,195.7,258.5,335,252.5
2024-11-26 17:49:26,235.9,249.4,230,229.4,249.6,303,235.1,338,211.7,262.5,318,237.5
2024-11-26 17:49:28,244.9,209.4,240,234.4,212.7,327,263.1,341,225.7,293.5,329,234.5
2024-11-26 17:49:30,243.9,245.4,245,221.4,216.7,322,249.1,347,212.7,276.5,325,197.5
2024-11-26 17:49:32,239.9,218.4,227,217.4,229.6,341,238.1,350,214.7,255.5,312,219.5
2024-11-26 17:49:33,249.9,241.4,223,223.4,232.7,344,246.1,338,199.7,281.5,316,229.5
2024-11-26 17:49:35,230.9,235.4,251,234.4,245.7,327,235.1,354,190.7,262.5,315,235.5
2024-11-26 17:49:37,207.9,229.4,247,224.4,233.7,326,243.1,379,205.7,267.5,321,222.5
2024-11-26 17:49:39,234.9,236.4,225,236.4,259.6,321,250.1,365,229.7,269.5,297,237.5
2024-11-26 17:49:40,265.9,219.4,271,221.4,248.7,347,256.1,351,226.7,244.5,322,252.5
2024-11-26 17:49:42,227.9,228.4,267.1,254.4,221.7,315,265.1,359,222.7,239.5,321,256.5
2024-11-26 17:49:44,226.9,245.4,242,229.4,217.7,313,264.1,363,209.7,230.5,299,242.5
2024-11-26 17:49:46,225.9,232.4,243,240.4,268.6,339,244.1,336,214.7,247.5,338,234.5
2024-11-26 17:49:47,255.9,220.4,224,242.4,252.7,327,274.1,325,204.7,221.5,351,228.5
2024-11-26 17:49:49,242.9,210.4,225,238.4,233.7,311,248.1,360,213.7,241.5,338,245.5
2024-11-26 17:49:51,239.9,243.4,223,235.4,237.7,312,259.1,368,183.7,253.5,344,230.5
2024-11-26 17:49:53,269.9,230.4,243,194.4,205.6,336,247.1,343,196.7,288.5,313,198.5
2024-11-26 17:49:54,231.9,208.4,232,234.4,232.7,334,265.1,339,238.7,265.5,321,216.5
2024-11-26 17:49:56,260.9,236.4,216,207.4,247.7,296,242.1,323,221.7,280.5,327,228.5
2024-11-26 17:49:58,240.9,248.5,238,204.4,254.7,323,274.1,357,200.7,277.5,331,226.5
2024-11-26 17:50:00,250.9,249.4,252,236.4,248.7,323,254.1,329,222.7,265.5,318,221.5
2024-11-26 17:50:01,246.9,245.4,221,210.4,225.7,335,257.1,368,215.7,260.5,320,218.5
2024-11-26 17:50:03,241.9,213.4,257,229.4,246.7,350,265.1,322,233.7,254.5,322,242.5
2024-11-26 17:50:05,237.9,243.4,222,238.4,264.7,346,264.1,344,214.7,253.5,306,249.5
2024-11-26 17:50:07,229.9,223.4,247.1,236.4,229.6,318,249.1,320,225.7,254.5,316,244.5
2024-11-26 17:50:08,230.9,223.4,248,231.4,232.7,309,250.1,338,215.7,236.5,340,283.5
2024-11-26 17:50:10,240.9,233.4,243.1,229.4,248.7,341,249.1,341,234.7,259.5,323,215.5
2024-11-26 17:50:12,245.9,273.4,241.1,223.4,230.7,345,242.1,325,223.7,248.5,348,230.5
2024-11-26 17:50:14,244.9,260.4,235,232.4,232.7,337,255.1,349,231.7,258.5,311,216.5
2024-11-26 17:50:15,231.9,214.4,214,238.4,252.7,306,241.1,350,205.7,249.5,302,238.5
2024-11-26 17:50:17,244.9,244.4,214,256.4,242.7,297,253.1,342,211.7,252.5,348,260.5
2024-11-26 17:50:19,234.9,212.5,236,222.4,227.7,321,245.1,340,215.7,262.5,325,243.5
2024-11-26 17:50:21,234.9,215.5,232,229.4,235.6,314,235.1,327,205.7,260.5,334,223.5
2024-11-26 17:50:22,227.9,255.4,229,231.4,253.6,330,247.1,348,193.7,270.5,317,250.5
2024-11-26 17:50:24,250.9,215.4,253,231.4,224.7,334,244.1,363,239.7,266.5,322,224.5
2024-11-26 17:50:26,263.9,230.4,232,232.4,232.7,300,260.1,373,215.7,266.5,335,244.5
2024-11-26 17:50:28,260.9,243.5,238,236.4,230.6,353,275.1,320,235.7,247.5,339,244.5
2024-11-26 17:50:29,231.9,227.4,233,218.4,239.6,340,255.1,355,197.7,235.5,325,218.5
2024-11-26 17:50:31,255.9,237.4,230,234.4,226.7,321,247.1,353,200.7,230.5,322,241.5
2024-11-26 17:50:33,241.9,239.4,215,240.4,234.7,351,262.1,339,228.7,259.5,329,220.5
2024-11-26 17:50:35,200.9,224.4,235,212.4,236.7,316,257.1,352,235.7,278.5,329,233.5
2024-11-26 17:50:36,227.9,221.4,206,241.4,215.7,311,239.1,336,212.7,274.5,287,239.5
2024-11-26 17:50:38,243.9,213.4,242,209.4,235.6,318,234.1,353,209.7,247.5,323,214.5
2024-11-26 17:50:40,244.9,198.5,246,237.4,228.7,309,239.1,340,233.7,266.5,315,232.5
2024-11-26 17:50:42,236.9,229.4,245,232.4,250.6,326,259.1,355,218.7,262.5,319,235.5
2024-11-26 17:50:43,230.9,214.4,226,234.4,253.7,309,259.1,339,215.7,265.5,324,232.5
2024-11-26 17:50:45,255.9,225.4,228,225.4,258.7,342,228.1,335,225.7,253.5,344,220.5
2024-11-26 17:50:47,250.9,231.4,268,229.4,231.7,310,251.1,318,198.7,243.5,332,239.5
2024-11-26 17:50:48,224.9,197.4,235,219.4,233.7,321,255.1,344,207.7,253.5,311,241.5
2024-11-26 17:50:50,224.9,221.4,258,232.4,213.7,319,243.1,349,194.7,268.5,318,247.5
2024-11-26 17:50:52,230.9,229.4,248,234.4,235.7,323,246.1,356,189.7,278.5,336,246.5
2024-11-26 17:50:54,254.9,237.4,235,226.4,232.7,315,241.1,314,228.7,252.5,301,229.5
2024-11-26 17:50:55,255.9,226.4,252,249.4,258.6,340,254.1,335,225.7,249.5,323,234.5
2024-11-26 17:50:57,215.9,248.4,248,257.4,225.7,339,260.1,343,218.7,261.5,334,228.5
2024-11-26 17:50:59,228.9,233.4,237,242.4,236.7,338,253.1,345,212.7,271.5,324,220.5
2024-11-26 17:51:01,229.9,226.4,245,257.4,253.7,330,250.1,357,232.7,244.5,314,229.5
2024-11-26 17:51:02,252.9,213.4,265,221.4,230.7,330,262.1,352,239.7,260.5,331,250.5
2024-11-26 17:51:04,235.9,238.4,227,214.4,224.6,333,222.1,333,237.7,245.5,327,219.5
2024-11-26 17:51:06,231.9,220.4,236,242.4,236.6,329,271.1,341,256.7,258.5,305,236.5
2024-11-26 17:51:08,224.9,230.4,259,230.4,218.6,337,269.1,350,225.7,265.5,332,224.5
2024-11-26 17:51:09,271.9,248.4,264,237.4,238.6,319,258.1,322,208.7,284.5,331,223.5
2024-11-26 17:51:11,237.9,236.4,243,231.4,209.7,318,239.1,352,214.7,265.5,334,230.5
2024-11-26 17:51:13,226.9,224.4,211,231.4,231.7,312,281.1,334,172.7,255.5,337,232.5
2024-11-26 17:51:15,225.9,213.4,232,222.4,237.7,328,267.1,360,207.7,252.5,336,244.5
2024-11-26 17:51:16,225.9,207.4,244,217.4,265.7,321,261.1,331,201.7,239.5,321,218.5
2024-11-26 17:51:18,260.9,221.4,233.3,248.4,235.7,321,264.1,351,228.7,254.5,326,243.5
2024-11-26 17:51:20,244.9,237.4,251,244.4,258.7,323,260.1,344,254.7,244.5,303,227.5
2024-11-26 17:51:22,241.9,231.4,226,240.4,239.7,326,263.1,351,177.7,253.5,333,240.5
2024-11-26 17:51:23,260.9,227.4,243,222.4,253.7,341,280.1,330,200.7,252.5,331,253.5
2024-11-26 17:51:25,252.9,216.4,228,223.4,211.7,341,263.1,350,200.7,280.5,331,229.5
2024-11-26 17:51:27,282.9,214.4,259,252.4,250.6,332,261.1,322,215.7,244.5,334,222.5
2024-11-26 17:51:29,235.9,238.4,228,230.4,235.8,316,228.1,336,213.7,260.5,335,265.5
2024-11-26 17:51:30,260.9,234.4,218,227.4,244.8,337,272.1,347,207.7,253.5,308,250.5
2024-11-26 17:51:32,228.9,213.4,247,256.4,240.7,326,265.1,342,228.7,264.5,334,263.5
2024-11-26 17:51:34,252.9,229.5,263,198.4,249.8,336,249.1,342,224.7,264.5,316,220.5
2024-11-26 17:51:36,256.9,248.5,230,224.4,236.8,330,257.1,339,198.7,269.5,308,232.5
2024-11-26 17:51:37,228.9,221.4,227,226.4,215.7,335,260.1,340,240.9,252.5,311,216.5
2024-11-26 17:51:39,245.9,243.9,208,246.4,241.7,338,286.1,346,209.7,280.5,329,256.5
2024-11-26 17:51:41,221.9,220.4,258,222.4,250.7,334,244.1,334,234.7,235.5,320,231.5
2024-11-26 17:51:43,246.9,242.4,249,225.4,244.8,326,242.1,366,248.7,263.5,338,259.5
2024-11-26 17:51:44,200.9,210.4,251,201.4,257.7,306,250.1,346,222.7,241.5,313,248.5
2024-11-26 17:51:46,228.9,221.4,231,252.4,230.7,319,251.1,326,215.7,256.5,353,264.5
2024-11-26 17:51:48,213.9,227.4,250,245.4,265.8,326,247.1,370,223.7,241.5,323,231.5
2024-11-26 17:51:50,226.9,226.4,232,230.4,237.8,344,260.1,342,217.7,269.5,307,219.5
2024-11-26 17:51:51,238.9,233.4,231,232.4,246.8,304,254.1,349,226.7,236.5,335,258.5
2024-11-26 17:51:53,266.9,228.4,235,225.4,262.8,328,258.1,358,241.7,238.5,330,209.5
2024-11-26 17:51:55,238.9,226.4,232,219.4,245,323,251.1,331,193.7,269.5,305,249.5
2024-11-26 17:51:57,257.9,250.4,223,218.4,242.8,337,273.1,340,228.7,273.5,326,251.5
2024-11-26 17:51:58,248.9,229.4,219,245.4,236.8,338,267.2,345,212.7,240.5,321,238.5
2024-11-26 17:52:00,230.9,210.4,215,217.4,253.7,329,258.1,335,200.7,272.5,324,209.5
2024-11-26 17:52:02,241.9,215.4,246,265.4,217.8,298,256.1,355,214.7,274.5,286,229.5
2024-11-26 17:52:04,226.9,199.4,218,220.4,232.8,347,285.1,343,224.7,251.5,332,213.5
2024-11-26 17:52:05,249.9,230.4,219,221.4,225.8,346,269.1,349,215.7,290.5,311,235.5
2024-11-26 17:52:07,230.9,223.4,249,259.4,240.7,327,270.1,361,233.7,265.5,289,255.5
2024-11-26 17:52:09,238.9,222.4,251,208.4,227.8,313,254.1,345,225.7,264.5,316,248.5
2024-11-26 17:52:11,224.9,247.4,254,248.4,227.8,343,255.1,355,212.7,253.5,334,238.5
2024-11-26 17:52:12,239.9,224.4,248,237.4,238.9,332,225.1,340,188.7,242.5,316,244.5
2024-11-26 17:52:14,230.9,223.4,247,224.4,253.8,344,241.1,334,227.7,275.5,329,212.5
2024-11-26 17:52:16,222.9,200.4,238,226.4,245.8,353,240.1,354,230.7,242.5,293,233.5
2024-11-26 17:52:18,230.9,208.4,238,248.4,275.7,326,263.1,321,219.7,243.5,296,224.5
2024-11-26 17:52:19,232.9,244.5,214,225.4,247.7,325,244.1,332,200.7,231.5,314,242.5
2024-11-26 17:52:21,232.9,232.4,240,236.4,236.1,321,244.1,352,221.7,264.5,359,249.5
2024-11-26 17:52:23,243.9,234.4,248.1,230.4,230.7,336,254.1,343,222.7,275.5,328,237.5
2024-11-26 17:52:25,232.9,243.4,251,231.4,242.7,326,234.1,325,187.7,236.5,322,220.5
2024-11-26 17:52:26,254.9,242.4,234,240.4,240.8,349,263.1,339,231.7,304.5,319,237.5
2024-11-26 17:52:28,234.9,249.4,267,226.4,224.7,333,263.1,368,213.7,271.5,317,262.5
2024-11-26 17:52:30,225.9,257.4,253,227.4,234.7,326,219.1,344,235.7,246.5,314,245.5
2024-11-26 17:52:32,222.9,226.4,225,229.4,233.8,321,221.1,357,200.7,256.5,351,250.5
2024-11-26 17:52:33,242.9,241.4,264,268.4,229.7,349,258.1,339,222.7,282.5,323,252.5
2024-11-26 17:52:35,257.9,222.4,251,256.4,259.7,317,258.1,347,219.7,281.5,308,242.5
2024-11-26 17:52:37,259.9,245.4,249,241.4,240.8,324,259.1,367,224.7,268.5,331,253.5
2024-11-26 17:52:39,208.9,204.4,225,228.4,230.7,312,277.1,362,196.7,282.5,317,206.5
2024-11-26 17:52:40,230.9,213.4,250,250.4,256.7,320,245.1,355,200.7,252.5,319,223.5
2024-11-26 17:52:42,243.9,231.4,264,228.4,261.7,345,253.1,336,214.7,273.5,323,232.5
2024-11-26 17:52:44,243.9,206.4,232,215.4,236.7,298,253.1,351,219.7,244.5,337,204.5
2024-11-26 17:52:46,247.9,233.4,247,201.4,263.7,352,261.1,348,224.7,258.4,335,242.5
2024-11-26 17:52:47,213.9,215.4,240,221.4,242.7,325,225.1,355,218.7,256.5,324,235.5
2024-11-26 17:52:49,243.9,213.4,226,236.5,227.7,314,234.1,362,194.7,253.5,302,206.5
2024-11-26 17:52:51,233.9,214.4,224,221.4,235.7,326,256.2,358,242.7,237.5,346,242.5
2024-11-26 17:52:53,256.9,245.4,237,194.4,239.7,347,249.1,326,191.7,250.5,318,234.5
2024-11-26 17:52:54,230.9,244.4,255,237.4,234.8,315,267.2,350,223.7,261.5,339,228.5
2024-11-26 17:52:56,226.9,220.4,231,250.4,230.8,317,262.2,338,215.7,259.5,333,254.5
2024-11-26 17:52:58,241.9,225.4,256,215.4,220.9,332,253.1,358,212.7,277.5,323,231.5
2024-11-26 17:53:00,251.9,242.4,242,220.4,216.9,324,273.1,315,219.7,265.5,335,214.5
2024-11-26 17:53:01,266.9,236.4,247,224.4,251.8,341,266.1,343,209.7,262.5,320,239.5
2024-11-26 17:53:03,216.9,254.4,198,208.4,247.8,305,262.1,383,216.7,282.5,295,240.5
2024-11-26 17:53:05,254.9,226.4,237,241.4,215.8,347,230.1,336,198.7,257.5,344,241.5
2024-11-26 17:53:07,234.9,227.4,251,223.4,223.8,306,252.1,344,216.7,274.5,297,231.5
2024-11-26 17:53:08,253.9,251.4,205,214.4,211.8,316,237.1,349,203.7,261.5,316,229.5
2024-11-26 17:53:10,256.9,220.4,231,218.4,258.8,334,256.1,349,235.7,262.5,333,242.5
2024-11-26 17:53:12,245.9,235.4,247,224.4,224.9,305,253.1,330,194.7,235.5,331,230.5
2024-11-26 17:53:14,246.9,245.4,250,233.4,244.9,317,238.1,326,209.7,243.5,327,241.5
2024-11-26 17:53:15,236.9,239.4,246,234.2,226.8,311,273.1,348,233.7,258.5,331,218.5
2024-11-26 17:53:17,244.9,219.4,218,221.4,236.8,303,261.1,352,197.7,269.5,320,260.5
2024-11-26 17:53:19,259.9,223.4,262,216.4,265.8,337,268.1,321,240.7,227.5,322,259.5
2024-11-26 17:53:21,243.9,220.4,227,237.4,227.7,307,243.1,366,240.7,257.5,318,273.5
2024-11-26 17:53:22,238.9,216.4,212,229.4,250.8,307,280.1,345,233.7,259.5,323,253.5
2024-11-26 17:53:24,251.9,221.5,246,224.4,231.8,320,229.1,362,206.7,246.5,333,251.5
2024-11-26 17:53:26,249.9,230.4,250,221.4,253.7,338,235.1,350,212.7,249.5,325,245.5
2024-11-26 17:53:28,248.9,227.4,237,233.4,243.7,323,247.1,350,193.7,234.5,327,218.5
2024-11-26 17:53:29,243.9,239.4,245,215.4,234.7,325,260.1,365,210.7,242.5,291,234.5
2024-11-26 17:53:31,231.9,233.4,256,229.4,264.8,300,230.1,331,214.7,233.5,338,239.5
